0,0,3,576,310,0,0,597,597,120.0,103.0,52,0
2,352,361,263,308,297,576,597,597,120.0,103.0,52,0
0,0,0,0,0,0,0,597,597,120.0,103.0,52,0
0,0,3,564,23,580,518,597,597,120.0,103.0,52,0
0,592,55,1,67,324,352,597,597,120.0,103.0,52,0
306,50,0,582,296,0,6,597,597,120.0,103.0,52,0
596,0,2,566,0,2,0,597,597,120.0,103.0,52,0
24,39,0,0,0,136,0,597,597,120.0,103.0,52,0
50,134,2,8,9,279,136,597,597,120.0,103.0,52,0
0,0,0,0,18,0,2,597,597,120.0,103.0,52,0
120,0,0,100,0,0,0,597,597,120.0,103.0,52,0
8,50,0,2,0,64,548,597,597,120.0,103.0,52,0
52,4,256,584,0,0,0,597,597,120.0,103.0,52,0
0,402,0,19,0,7,520,597,597,120.0,103.0,52,0
0,4,593,22,292,297,545,597,597,120.0,103.0,52,0
0,0,0,0,0,0,0,597,597,120.0,103.0,52,0
291,49,391,294,560,261,70,597,597,120.0,103.0,52,0
1,121,409,513,48,519,80,597,597,120.0,103.0,52,0
49,100,0,0,3,578,296,597,597,120.0,103.0,52,0
311,548,17,16,0,0,296,597,597,120.0,103.0,52,0
4,4,294,49,402,33,102,597,597,120.0,103.0,52,0
324,101,345,98,548,65,150,597,597,120.0,103.0,52,0
0,0,0,0,0,0,0,597,597,120.0,103.0,52,0
0,0,0,0,0,0,0,597,597,120.0,103.0,52,0
0,592,55,1,67,324,352,597,597,120.0,103.0,52,0
0,84,296,0,0,0,0,597,597,120.0,103.0,52,0
0,2,0,296,0,0,0,597,597,120.0,103.0,52,0
23,16,130,53,5,115,310,597,597,120.0,103.0,52,0
50,134,2,8,9,279,136,597,597,120.0,103.0,52,0
0,0,0,0,0,0,100,597,597,120.0,103.0,52,0
0,0,0,0,0,0,0,597,597,120.0,103.0,52,0
66,4,256,583,0,0,0,597,597,120.0,103.0,52,0
0,388,0,19,100,7,520,597,597,120.0,103.0,52,0
6,5,4,22,0,1,562,597,597,120.0,103.0,52,0
8,308,578,564,50,0,1,597,597,120.0,103.0,52,0
0,4,50,360,1,0,50,597,597,120.0,103.0,52,0
0,0,0,0,0,0,4,597,597,120.0,103.0,52,0
0,8,3,561,512,0,0,597,597,120.0,103.0,52,0
120,3,352,0,99,569,597,597,597,120.0,103.0,52,0
49,100,0,0,3,551,296,597,597,120.0,103.0,52,0
547,520,0,294,324,0,40,597,597,120.0,103.0,52,0
324,101,345,98,548,17,150,597,597,120.0,103.0,52,0
311,548,17,16,0,0,296,597,597,120.0,103.0,52,0
295,512,2,1,113,518,288,597,597,120.0,103.0,52,0
0,0,3,563,8,0,0,597,597,120.0,103.0,52,0
2,352,361,263,308,297,576,597,597,120.0,103.0,52,0
0,0,0,0,0,0,0,597,597,120.0,103.0,52,0
0,0,3,564,23,580,518,597,597,120.0,103.0,52,0
0,592,55,1,67,324,352,597,597,120.0,103.0,52,0
306,50,0,581,296,0,7,597,597,120.0,103.0,52,0
294,580,595,115,593,359,388,597,597,120.0,103.0,52,0
595,0,2,566,0,4,0,597,597,120.0,103.0,52,0
50,134,2,8,9,279,116,597,597,120.0,103.0,52,0
0,0,0,0,18,0,2,597,597,120.0,103.0,52,0
120,0,0,100,0,0,0,597,597,120.0,103.0,52,0
18,50,0,2,0,64,548,597,597,120.0,103.0,52,0
80,4,256,582,0,0,0,597,597,120.0,103.0,52,0
0,374,0,19,296,7,520,597,597,120.0,103.0,52,0
0,6,585,22,292,297,545,597,597,120.0,103.0,52,0
0,0,0,0,0,0,0,597,597,120.0,103.0,52,0
49,100,0,0,3,551,296,597,597,120.0,103.0,52,0
311,548,17,16,0,0,296,597,597,120.0,103.0,52,0
4,4,294,49,402,33,102,597,597,120.0,103.0,52,0
324,101,345,98,597,567,150,597,597,120.0,103.0,52,0
0,0,0,0,0,0,0,597,597,120.0,103.0,52,0
0,0,0,0,0,0,0,597,597,120.0,103.0,52,0
0,592,55,1,67,324,352,597,597,120.0,103.0,52,0
99,597,296,0,0,18,324,597,597,120.0,103.0,52,0
291,49,391,393,561,65,70,597,597,120.0,103.0,52,0
0,0,0,0,2,0,36,597,597,120.0,103.0,52,0
50,134,2,8,9,279,148,597,597,120.0,103.0,52,0
88,4,256,581,0,0,0,597,597,120.0,103.0,52,0
0,0,0,0,0,0,0,597,597,120.0,103.0,52,0
0,360,0,19,402,7,520,597,597,120.0,103.0,52,0
0,0,0,0,0,0,4,597,597,120.0,103.0,52,0
0,8,3,561,512,0,0,597,597,120.0,103.0,52,0
120,3,352,0,99,519,597,597,597,120.0,103.0,52,0
49,100,0,0,3,530,296,597,597,120.0,103.0,52,0
547,520,0,294,36,0,40,597,597,120.0,103.0,52,0
324,101,345,98,597,519,150,597,597,120.0,103.0,52,0
311,548,17,16,0,0,296,597,597,120.0,103.0,52,0
295,512,2,1,113,518,288,597,597,120.0,103.0,52,0
0,0,3,549,310,0,0,597,597,120.0,103.0,52,0
2,352,361,263,308,297,576,597,597,120.0,103.0,52,0
0,0,0,0,0,0,0,597,597,120.0,103.0,52,0
0,0,3,564,23,580,518,597,597,120.0,103.0,52,0
0,592,55,1,67,324,352,597,597,120.0,103.0,52,0
0,0,3,596,296,65,296,597,597,120.0,103.0,52,0
306,50,0,580,296,0,8,597,597,120.0,103.0,52,0
594,0,2,566,0,6,0,597,597,120.0,103.0,52,0
340,1,2,4,375,2,100,597,597,120.0,103.0,52,0
1,100,304,311,390,16,4,597,597,120.0,103.0,52,0
50,134,2,8,9,279,130,597,597,120.0,103.0,52,0
36,19,100,100,0,1,36,597,597,120.0,103.0,52,0
0,0,25,3,321,0,0,597,597,120.0,103.0,52,0
0,0,0,0,18,0,2,597,597,120.0,103.0,52,0
0,0,0,0,0,0,100,597,597,120.0,103.0,52,0
120,0,0,100,0,0,0,597,597,120.0,103.0,52,0
132,288,339,101,291,324,48,597,597,120.0,103.0,52,0
54,321,402,576,307,72,0,597,597,120.0,103.0,52,0
22,150,534,0,0,0,8,597,597,120.0,103.0,52,0
22,50,0,2,0,64,548,597,597,120.0,103.0,52,0
102,4,256,580,0,0,0,597,597,120.0,103.0,52,0
49,100,0,0,3,530,296,597,597,120.0,103.0,52,0
311,548,17,16,0,0,296,597,597,120.0,103.0,52,0
4,4,294,49,402,33,102,597,597,120.0,103.0,52,0
324,101,345,98,597,375,150,597,597,120.0,103.0,52,0
0,0,0,0,0,0,0,597,597,120.0,103.0,52,0
0,352,0,20,0,7,520,597,597,120.0,103.0,52,0
0,8,583,22,292,297,545,597,597,120.0,103.0,52,0
0,0,0,0,0,0,0,597,597,120.0,103.0,52,0
0,0,0,0,0,0,0,597,597,120.0,103.0,52,0
5,2,404,96,281,100,297,597,597,120.0,103.0,52,0
0,7,133,128,387,136,50,597,597,120.0,103.0,52,0
0,592,55,1,67,324,352,597,597,120.0,103.0,52,0
0,274,0,0,0,0,0,597,597,120.0,103.0,52,0
0,0,293,0,0,100,352,597,597,120.0,103.0,52,0
1,0,0,5,0,0,0,597,597,120.0,103.0,52,0
100,130,281,324,0,0,0,597,597,120.0,103.0,52,0
0,8,0,0,0,1,104,597,597,120.0,103.0,52,0
0,4,0,65,0,0,0,597,597,120.0,103.0,52,0
4,150,114,65,49,385,36,597,597,120.0,103.0,52,0
1,33,304,19,2,582,117,597,597,120.0,103.0,52,0
2,304,296,72,54,5,296,597,597,120.0,103.0,52,0
50,134,2,8,9,279,136,597,597,120.0,103.0,52,0
116,4,256,579,0,0,0,597,597,120.0,103.0,52,0
0,0,0,0,0,0,0,597,597,120.0,103.0,52,0
0,338,0,20,100,7,520,597,597,120.0,103.0,52,0
6,5,4,22,0,1,562,597,597,120.0,103.0,52,0
291,49,391,393,259,361,70,597,597,120.0,103.0,52,0
0,0,0,0,0,0,4,597,597,120.0,103.0,52,0
0,8,3,561,512,0,0,597,597,120.0,103.0,52,0
120,3,352,0,99,569,597,597,597,120.0,103.0,52,0
49,100,0,0,3,517,0,597,597,120.0,103.0,52,0
547,520,0,293,352,0,40,597,597,120.0,103.0,52,0
324,101,345,98,597,327,150,597,597,120.0,103.0,52,0
311,548,17,16,0,0,296,597,597,120.0,103.0,52,0
295,512,2,1,113,518,288,597,597,120.0,103.0,52,0
0,0,3,536,8,0,0,597,597,120.0,103.0,52,0
2,352,361,263,308,297,576,597,597,120.0,103.0,52,0
0,0,0,0,0,0,0,597,597,120.0,103.0,52,0
0,0,3,564,23,580,518,597,597,120.0,103.0,52,0
0,592,55,1,67,324,352,597,597,120.0,103.0,52,0
0,0,0,0,0,0,0,597,597,120.0,103.0,52,0
306,50,0,579,296,0,9,597,597,120.0,103.0,52,0
0,100,0,0,324,34,136,597,597,120.0,103.0,52,0
593,0,2,566,0,8,0,597,597,120.0,103.0,52,0
23,16,130,67,6,513,310,597,597,120.0,103.0,52,0
50,134,2,8,9,279,148,597,597,120.0,103.0,52,0
0,0,0,0,18,0,2,597,597,120.0,103.0,52,0
120,0,0,100,0,0,0,597,597,120.0,103.0,52,0
32,50,0,2,0,64,548,597,597,120.0,103.0,52,0
130,4,256,578,0,0,0,597,597,120.0,103.0,52,0
0,324,0,20,296,7,520,597,597,120.0,103.0,52,0
0,16,581,22,292,297,545,597,597,120.0,103.0,52,0
0,0,0,0,0,0,0,597,597,120.0,103.0,52,0
0,4,50,360,1,0,50,597,597,120.0,103.0,52,0
49,100,0,0,3,400,0,597,597,120.0,103.0,52,0
311,548,17,16,0,0,296,597,597,120.0,103.0,52,0
4,4,294,49,402,33,102,597,597,120.0,103.0,52,0
324,101,345,98,597,279,150,597,597,120.0,103.0,52,0
0,0,0,0,0,0,0,597,597,120.0,103.0,52,0
0,0,0,0,0,0,0,597,597,120.0,103.0,52,0
0,592,55,1,67,324,352,597,597,120.0,103.0,52,0
0,128,0,0,0,0,0,597,597,120.0,103.0,52,0
24,39,0,0,0,136,0,597,597,120.0,103.0,52,0
50,134,2,8,9,279,130,597,597,120.0,103.0,52,0
0,0,0,0,0,0,100,597,597,120.0,103.0,52,0
0,0,0,0,0,0,0,597,597,120.0,103.0,52,0
144,4,256,577,0,0,0,597,597,120.0,103.0,52,0
0,310,0,20,402,7,520,597,597,120.0,103.0,52,0
0,0,0,0,0,0,4,597,597,120.0,103.0,52,0
0,8,3,561,512,0,0,597,597,120.0,103.0,52,0
120,3,352,0,99,569,597,597,597,120.0,103.0,52,0
49,100,0,0,3,400,0,597,597,120.0,103.0,52,0
547,520,0,293,64,0,40,597,597,120.0,103.0,52,0
311,548,17,16,0,0,296,597,597,120.0,103.0,52,0
295,512,2,1,113,518,288,597,597,120.0,103.0,52,0
0,0,3,528,310,0,0,597,597,120.0,103.0,52,0
3,352,361,263,308,297,576,597,597,120.0,103.0,52,0
0,0,0,0,0,0,0,597,597,120.0,103.0,52,0
0,0,3,564,23,580,518,597,597,120.0,103.0,52,0
0,592,55,1,67,324,352,597,597,120.0,103.0,52,0
306,50,0,578,296,0,16,597,597,120.0,103.0,52,0
592,0,2,566,0,16,0,597,597,120.0,103.0,52,0
291,49,391,392,360,261,70,597,597,120.0,103.0,52,0
50,134,2,8,9,279,136,597,597,120.0,103.0,52,0
0,0,0,0,18,0,2,597,597,120.0,103.0,52,0
120,0,0,100,0,0,0,597,597,120.0,103.0,52,0
36,50,0,2,0,64,548,597,597,120.0,103.0,52,0
152,4,256,576,0,0,0,597,597,120.0,103.0,52,0
0,296,0,21,0,7,520,597,597,120.0,103.0,52,0
0,18,579,22,292,297,545,597,597,120.0,103.0,52,0
0,0,0,0,0,0,0,597,597,120.0,103.0,52,0
49,100,0,0,3,386,296,597,597,120.0,103.0,52,0
311,548,17,16,0,0,296,597,597,120.0,103.0,52,0
4,4,294,49,402,33,102,597,597,120.0,103.0,52,0
324,101,345,98,597,87,150,597,597,120.0,103.0,52,0
0,0,0,0,0,0,0,597,597,120.0,103.0,52,0
0,0,0,0,0,0,0,597,597,120.0,103.0,52,0
0,592,55,1,67,324,352,597,597,120.0,103.0,52,0
4,0,0,0,0,4,0,597,597,120.0,103.0,52,0
100,547,576,50,402,96,150,597,597,120.0,103.0,52,0
16,408,119,4,149,404,569,597,597,120.0,103.0,52,0
50,134,2,8,9,279,136,597,597,120.0,103.0,52,0
262,4,256,569,0,0,0,597,597,120.0,103.0,52,0
0,0,0,0,0,0,0,597,597,120.0,103.0,52,0
0,288,0,21,100,7,520,597,597,120.0,103.0,52,0
6,5,104,22,0,1,562,597,597,120.0,103.0,52,0
0,22,0,36,0,0,50,597,597,120.0,103.0,52,0
0,8,0,0,0,1,104,597,597,120.0,103.0,52,0
593,400,597,583,281,401,545,597,597,120.0,103.0,52,0
0,0,0,0,0,0,4,597,597,120.0,103.0,52,0
0,8,3,561,512,0,0,597,597,120.0,103.0,52,0
120,3,352,0,99,569,597,597,597,120.0,103.0,52,0
49,100,0,0,3,359,296,597,597,120.0,103.0,52,0
547,520,0,292,374,0,40,597,597,120.0,103.0,52,0
324,101,345,98,597,39,150,597,597,120.0,103.0,52,0
311,548,17,16,0,0,296,597,597,120.0,103.0,52,0
295,512,2,1,113,518,288,597,597,120.0,103.0,52,0
0,0,3,515,8,0,0,597,597,120.0,103.0,52,0
3,352,361,263,308,297,576,597,597,120.0,103.0,52,0
0,0,0,0,0,0,0,597,597,120.0,103.0,52,0
0,0,3,564,23,580,518,597,597,120.0,103.0,52,0
0,592,55,1,67,324,352,597,597,120.0,103.0,52,0
306,50,0,577,296,0,17,597,597,120.0,103.0,52,0
585,0,2,566,0,18,0,597,597,120.0,103.0,52,0
50,134,2,8,9,279,136,597,597,120.0,103.0,52,0
0,0,0,0,18,0,2,597,597,120.0,103.0,52,0
0,0,0,0,0,0,100,597,597,120.0,103.0,52,0
120,0,0,100,0,0,0,597,597,120.0,103.0,52,0
40,50,0,2,0,64,548,597,597,120.0,103.0,52,0
276,4,256,568,0,0,0,597,597,120.0,103.0,52,0
0,274,0,21,296,7,520,597,597,120.0,103.0,52,0
0,20,577,22,292,297,545,597,597,120.0,103.0,52,0
0,0,0,0,0,0,0,597,597,120.0,103.0,52,0
291,49,392,89,360,563,70,597,597,120.0,103.0,52,0
49,100,0,0,3,359,296,597,597,120.0,103.0,52,0
311,548,17,16,0,0,296,597,597,120.0,103.0,52,0
4,4,294,49,402,33,102,597,597,120.0,103.0,52,0
324,101,345,98,596,595,150,597,597,120.0,103.0,52,0
0,0,0,0,0,0,0,597,597,120.0,103.0,52,0
0,0,0,0,0,0,0,597,597,120.0,103.0,52,0
0,592,55,1,67,324,352,597,597,120.0,103.0,52,0
0,84,296,0,0,0,0,597,597,120.0,103.0,52,0
0,2,0,296,0,0,0,597,597,120.0,103.0,52,0
1,323,409,513,344,377,114,597,597,120.0,103.0,52,0
23,16,130,69,6,513,310,597,597,120.0,103.0,52,0
50,134,2,8,9,279,136,597,597,120.0,103.0,52,0
290,4,256,567,0,0,0,597,597,120.0,103.0,52,0
0,0,0,0,0,0,0,597,597,120.0,103.0,52,0
0,260,0,21,402,7,520,597,597,120.0,103.0,52,0
0,4,50,360,1,0,50,597,597,120.0,103.0,52,0
0,0,0,0,0,0,4,597,597,120.0,103.0,52,0
0,8,3,561,512,0,0,597,597,120.0,103.0,52,0
120,7,352,0,99,569,597,597,597,120.0,103.0,52,0
49,100,0,0,4,22,296,597,597,120.0,103.0,52,0
547,520,0,292,86,0,40,597,597,120.0,103.0,52,0
324,101,345,98,596,547,150,597,597,120.0,103.0,52,0
311,548,17,16,0,0,296,597,597,120.0,103.0,52,0
295,512,2,1,113,518,288,597,597,120.0,103.0,52,0
0,0,3,405,310,0,0,597,597,120.0,103.0,52,0
3,352,361,263,308,297,576,597,597,120.0,103.0,52,0
0,0,0,0,0,0,0,597,597,120.0,103.0,52,0
0,0,3,564,23,580,518,597,597,120.0,103.0,52,0
0,592,55,1,67,324,352,597,597,120.0,103.0,52,0
22,0,0,103,308,72,0,597,597,120.0,103.0,52,0
306,50,0,576,296,0,18,597,597,120.0,103.0,52,0
584,0,2,566,0,20,0,597,597,120.0,103.0,52,0
50,134,2,8,9,279,130,597,597,120.0,103.0,52,0
0,0,0,0,18,0,2,597,597,120.0,103.0,52,0
120,0,0,100,0,0,0,597,597,120.0,103.0,52,0
0,50,0,2,0,64,548,597,597,120.0,103.0,52,0
2,4,256,594,0,0,0,597,597,120.0,103.0,52,0
0,548,0,18,0,7,520,597,597,120.0,103.0,52,0
0,0,597,22,292,297,545,597,597,120.0,103.0,52,0
0,0,0,0,0,0,0,597,597,120.0,103.0,52,0
49,100,0,0,4,22,296,597,597,120.0,103.0,52,0
311,548,17,16,0,0,296,597,597,120.0,103.0,52,0
4,4,294,49,402,33,102,597,597,120.0,103.0,52,0
324,101,345,98,548,353,150,597,597,120.0,103.0,52,0
0,0,0,0,0,0,0,597,597,120.0,103.0,52,0
0,0,0,0,0,0,0,597,597,120.0,103.0,52,0
0,592,55,1,67,324,352,597,597,120.0,103.0,52,0
99,597,296,0,0,18,324,597,597,120.0,103.0,52,0
291,49,392,88,563,361,70,597,597,120.0,103.0,52,0
0,0,0,0,2,0,36,597,597,120.0,103.0,52,0
50,134,2,8,9,279,136,597,597,120.0,103.0,52,0
0,0,0,0,0,0,100,597,597,120.0,103.0,52,0
0,0,0,0,0,0,0,597,597,120.0,103.0,52,0
16,4,256,593,0,0,0,597,597,120.0,103.0,52,0
0,534,0,18,100,7,520,597,597,120.0,103.0,52,0
6,5,104,22,0,1,562,597,597,120.0,103.0,52,0
0,0,0,0,0,0,4,597,597,120.0,103.0,52,0
0,8,3,561,512,0,0,597,597,120.0,103.0,52,0
120,3,352,0,99,569,597,597,597,120.0,103.0,52,0
49,100,0,0,4,9,0,597,597,120.0,103.0,52,0
547,520,0,291,402,0,40,597,597,120.0,103.0,52,0
324,101,345,98,548,305,150,597,597,120.0,103.0,52,0
311,548,17,16,0,0,296,597,597,120.0,103.0,52,0
295,512,2,1,113,518,288,597,597,120.0,103.0,52,0
0,0,3,392,8,0,0,597,597,120.0,103.0,52,0
3,352,361,263,308,297,576,597,597,120.0,103.0,52,0
0,0,0,0,0,0,0,597,597,120.0,103.0,52,0
0,0,3,564,23,580,518,597,597,120.0,103.0,52,0
0,592,55,1,67,324,352,597,597,120.0,103.0,52,0
0,0,3,596,296,65,296,597,597,120.0,103.0,52,0
306,50,0,569,296,0,19,597,597,120.0,103.0,52,0
583,0,2,566,0,22,0,597,597,120.0,103.0,52,0
340,1,2,4,375,2,100,597,597,120.0,103.0,52,0
1,100,304,311,390,16,4,597,597,120.0,103.0,52,0
50,134,2,8,9,279,130,597,597,120.0,103.0,52,0
36,19,100,100,0,1,36,597,597,120.0,103.0,52,0
0,0,25,3,321,0,0,597,597,120.0,103.0,52,0
0,0,0,0,18,0,2,597,597,120.0,103.0,52,0
120,0,0,100,0,0,0,597,597,120.0,103.0,52,0
132,288,339,101,291,324,48,597,597,120.0,103.0,52,0
54,321,402,576,307,72,0,597,597,120.0,103.0,52,0
22,150,534,0,0,0,8,597,597,120.0,103.0,52,0
4,50,0,2,0,64,548,597,597,120.0,103.0,52,0
24,4,256,592,0,0,0,597,597,120.0,103.0,52,0
0,520,0,18,296,7,520,597,597,120.0,103.0,52,0
49,100,0,0,3,592,0,597,597,120.0,103.0,52,0
4,4,294,49,402,33,102,597,597,120.0,103.0,52,0
324,101,345,98,548,257,150,597,597,120.0,103.0,52,0
311,548,17,16,0,0,296,597,597,120.0,103.0,52,0
0,0,0,0,0,0,0,597,597,120.0,103.0,52,0
0,2,595,22,292,297,545,597,597,120.0,103.0,52,0
0,0,0,0,0,0,0,597,597,120.0,103.0,52,0
0,0,0,0,0,0,0,597,597,120.0,103.0,52,0
5,2,404,96,281,100,297,597,597,120.0,103.0,52,0
0,105,320,294,296,24,352,597,597,120.0,103.0,52,0
0,7,133,324,387,136,50,597,597,120.0,103.0,52,0
0,592,55,1,67,324,352,597,597,120.0,103.0,52,0
0,274,0,0,0,0,0,597,597,120.0,103.0,52,0
0,0,293,0,0,100,352,597,597,120.0,103.0,52,0
1,0,0,5,0,0,0,597,597,120.0,103.0,52,0
100,130,281,324,0,0,0,597,597,120.0,103.0,52,0
0,8,0,0,0,1,104,597,597,120.0,103.0,52,0
0,4,0,65,0,0,0,597,597,120.0,103.0,52,0
4,150,114,65,49,385,36,597,597,120.0,103.0,52,0
1,33,304,19,2,582,117,597,597,120.0,103.0,52,0
2,296,296,72,54,5,296,597,597,120.0,103.0,52,0
50,134,2,8,9,279,148,597,597,120.0,103.0,52,0
38,4,256,585,0,0,0,597,597,120.0,103.0,52,0
0,0,0,0,0,0,0,597,597,120.0,103.0,52,0
0,512,0,18,402,7,520,597,597,120.0,103.0,52,0
291,49,391,390,564,65,70,597,597,120.0,103.0,52,0
0,0,0,0,0,0,4,597,597,120.0,103.0,52,0
0,8,3,561,512,0,0,597,597,120.0,103.0,52,0
120,3,352,0,99,569,597,597,597,120.0,103.0,52,0
49,100,0,0,3,592,0,597,597,120.0,103.0,52,0
547,520,0,291,114,0,40,597,597,120.0,103.0,52,0
324,101,345,98,548,113,150,597,597,120.0,103.0,52,0
311,548,17,16,0,0,296,597,597,120.0,103.0,52,0
295,512,2,1,113,518,288,597,597,120.0,103.0,52,0
0,0,3,384,310,0,0,597,597,120.0,103.0,52,0
3,352,361,263,308,297,576,597,597,120.0,103.0,52,0
0,0,0,0,0,0,0,597,597,120.0,103.0,52,0
0,0,3,564,23,580,518,597,597,120.0,103.0,52,0
0,592,55,1,67,324,352,597,597,120.0,103.0,52,0
0,0,0,0,0,0,0,597,597,120.0,103.0,52,0
306,50,0,568,296,0,20,597,597,120.0,103.0,52,0
0,100,0,0,324,33,137,597,597,120.0,103.0,52,0
23,16,130,83,7,513,310,597,597,120.0,103.0,52,0
50,134,2,8,9,279,136,597,597,120.0,103.0,52,0
0,0,0,0,18,0,2,597,597,120.0,103.0,52,0
0,0,0,0,0,0,100,597,597,120.0,103.0,52,0
120,0,0,100,0,0,0,597,597,120.0,103.0,52,0
8,50,0,2,0,64,548,597,597,120.0,103.0,52,0
52,4,256,584,0,0,0,597,597,120.0,103.0,52,0
0,402,0,19,0,7,520,597,597,120.0,103.0,52,0
0,4,593,22,292,297,545,597,597,120.0,103.0,52,0
0,0,0,0,0,0,0,597,597,120.0,103.0,52,0
0,4,50,360,1,0,50,597,597,120.0,103.0,52,0
49,100,0,0,3,578,296,597,597,120.0,103.0,52,0
311,548,17,16,0,0,296,597,597,120.0,103.0,52,0
4,4,294,49,402,33,102,597,597,120.0,103.0,52,0
324,101,345,98,548,65,150,597,597,120.0,103.0,52,0
0,0,0,0,0,0,0,597,597,120.0,103.0,52,0
0,0,0,0,0,0,0,597,597,120.0,103.0,52,0
0,592,55,1,67,324,352,597,597,120.0,103.0,52,0
0,8,0,0,0,0,0,597,597,120.0,103.0,52,0
24,39,0,0,0,136,0,597,597,120.0,103.0,52,0
50,134,2,8,9,279,136,597,597,120.0,103.0,52,0
66,4,256,583,0,0,0,597,597,120.0,103.0,52,0
0,0,0,0,0,0,0,597,597,120.0,103.0,52,0
0,388,0,19,100,7,520,597,597,120.0,103.0,52,0
6,5,104,22,0,1,562,597,597,120.0,103.0,52,0
0,0,0,0,0,0,4,597,597,120.0,103.0,52,0
0,8,3,561,512,0,0,597,597,120.0,103.0,52,0
120,3,352,0,99,569,597,597,597,120.0,103.0,52,0
49,100,0,0,3,551,296,597,597,120.0,103.0,52,0
547,520,0,290,520,0,40,597,597,120.0,103.0,52,0
324,101,345,98,548,17,150,597,597,120.0,103.0,52,0
311,548,17,16,0,0,296,597,597,120.0,103.0,52,0
295,512,2,1,113,518,288,597,597,120.0,103.0,52,0
0,0,3,371,8,0,0,597,597,120.0,103.0,52,0
3,352,361,263,308,297,576,597,597,120.0,103.0,52,0
0,0,0,0,0,0,0,597,597,120.0,103.0,52,0
0,0,3,564,23,580,518,597,597,136.0,97.0,58,0
0,592,55,1,67,324,352,597,597,136.0,97.0,58,0
306,50,0,567,296,0,21,597,597,136.0,97.0,58,0
296,0,0,0,0,0,0,597,597,136.0,97.0,58,0
36,2,274,0,0,0,0,597,597,136.0,97.0,58,0
581,0,2,566,0,32,0,597,597,136.0,97.0,58,0
291,49,391,585,564,563,70,597,597,136.0,97.0,58,0
50,134,2,8,9,279,148,597,597,136.0,97.0,58,0
0,0,0,0,18,0,2,597,597,136.0,97.0,58,0
120,0,0,100,0,0,0,597,597,136.0,97.0,58,0
18,50,0,2,0,64,548,597,597,136.0,97.0,58,0
80,4,256,582,0,0,0,597,597,136.0,97.0,58,0
0,374,0,19,296,7,520,597,597,136.0,97.0,58,0
0,6,585,22,292,297,545,597,597,136.0,97.0,58,0
0,0,0,0,0,0,0,597,597,136.0,97.0,58,0
49,100,0,0,3,551,296,597,597,136.0,97.0,58,0
311,548,17,16,0,0,296,597,597,136.0,97.0,58,0
4,4,294,49,402,33,102,597,597,136.0,97.0,58,0
324,101,345,98,597,567,150,597,597,136.0,97.0,58,0
0,0,0,0,0,0,0,597,597,136.0,97.0,58,0
0,0,0,0,0,0,0,597,597,136.0,97.0,58,0
0,592,55,1,67,324,352,597,597,136.0,97.0,58,0
4,0,0,0,0,4,0,597,597,136.0,97.0,58,0
100,547,576,50,402,96,150,597,597,136.0,97.0,58,0
20,0,21,368,41,82,0,597,597,136.0,97.0,58,0
50,134,2,8,9,279,136,597,597,136.0,97.0,58,0
0,0,0,0,0,0,100,597,597,136.0,97.0,58,0
0,0,0,0,0,0,0,597,597,136.0,97.0,58,0
88,4,256,581,0,0,0,597,597,136.0,97.0,58,0
0,360,0,19,402,7,520,597,597,136.0,97.0,58,0
0,22,0,50,0,0,50,597,597,136.0,97.0,58,0
0,8,0,0,0,1,104,597,597,136.0,97.0,58,0
0,0,0,0,0,0,4,597,597,136.0,97.0,58,0
0,8,3,561,512,0,0,597,597,136.0,97.0,58,0
120,7,352,0,99,569,597,597,597,136.0,97.0,58,0
49,100,0,0,3,530,296,597,597,136.0,97.0,58,0
547,520,0,290,136,0,40,597,597,136.0,97.0,58,0
324,101,345,98,597,519,150,597,597,136.0,97.0,58,0
311,548,17,16,0,0,296,597,597,136.0,97.0,58,0
295,512,2,1,113,518,288,597,597,136.0,97.0,58,0
0,0,3,357,310,0,0,597,597,136.0,97.0,58,0
3,352,361,263,308,297,576,597,597,136.0,97.0,58,0
0,0,0,0,0,0,0,597,597,136.0,97.0,58,0
0,0,3,564,23,580,518,597,597,136.0,97.0,58,0
0,592,55,1,67,324,352,597,597,136.0,97.0,58,0
306,50,0,594,296,0,0,597,597,136.0,97.0,58,0
0,0,0,0,38,402,0,597,597,136.0,97.0,58,0
580,0,2,566,0,34,0,597,597,136.0,97.0,58,0
50,134,2,8,9,279,148,597,597,136.0,97.0,58,0
0,0,0,0,18,0,2,597,597,136.0,97.0,58,0
120,0,0,100,0,0,0,597,597,136.0,97.0,58,0
22,50,0,2,0,64,548,597,597,136.0,97.0,58,0
102,4,256,580,0,0,0,597,597,136.0,97.0,58,0
0,352,0,20,0,7,520,597,597,136.0,97.0,58,0
0,8,583,22,292,297,545,597,597,136.0,97.0,58,0
291,49,392,388,369,261,70,597,597,136.0,97.0,58,0
49,100,0,0,3,530,296,597,597,136.0,97.0,58,0
311,548,17,16,0,0,296,597,597,136.0,97.0,58,0
4,4,294,49,402,33,102,597,597,136.0,97.0,58,0
324,101,345,98,597,375,150,597,597,136.0,97.0,58,0
0,0,0,0,0,0,0,597,597,136.0,97.0,58,0
0,0,0,0,0,0,0,597,597,136.0,97.0,58,0
0,592,55,1,67,324,352,597,597,136.0,97.0,58,0
0,84,296,0,0,0,0,597,597,136.0,97.0,58,0
352,19,8,576,118,100,8,597,597,136.0,97.0,58,0
0,2,0,296,0,0,0,597,597,136.0,97.0,58,0
23,16,130,53,5,115,310,597,597,136.0,97.0,58,0
50,134,2,8,9,279,136,597,597,136.0,97.0,58,0
116,4,256,579,0,0,0,597,597,136.0,97.0,58,0
0,0,0,0,0,0,0,597,597,136.0,97.0,58,0
0,338,0,20,100,7,520,597,597,136.0,97.0,58,0
6,5,104,22,0,1,562,597,597,136.0,97.0,58,0
0,0,8,0,0,0,0,597,597,136.0,97.0,58,0
0,2,0,2,0,0,0,597,597,136.0,97.0,58,0
120,1,40,4,8,338,520,597,597,136.0,97.0,58,0
1,121,409,512,344,359,146,597,597,136.0,97.0,58,0
0,0,0,0,0,0,4,597,597,136.0,97.0,58,0
0,8,3,561,512,0,0,597,597,136.0,97.0,58,0
120,7,352,0,99,569,597,597,597,136.0,97.0,58,0
547,520,0,289,548,0,40,597,597,136.0,97.0,58,0
49,100,0,0,3,517,0,597,597,136.0,97.0,58,0
324,101,345,98,597,327,150,597,597,136.0,97.0,58,0
311,548,17,16,0,0,296,597,597,136.0,97.0,58,0
295,512,2,1,113,518,288,597,597,136.0,97.0,58,0
0,0,3,344,8,0,0,597,597,136.0,97.0,58,0
3,352,361,263,308,297,576,597,597,136.0,97.0,58,0
0,0,0,0,0,0,0,597,597,136.0,97.0,58,0
0,0,3,564,23,580,518,597,597,136.0,97.0,58,0
0,592,55,1,67,324,352,597,597,136.0,97.0,58,0
1,0,0,0,0,8,296,597,597,136.0,97.0,58,0
0,150,2,8,0,2,50,597,597,136.0,97.0,58,0
64,80,9,376,297,296,403,597,597,136.0,97.0,58,0
306,50,0,593,296,0,1,597,597,136.0,97.0,58,0
0,4,50,360,1,0,50,597,597,136.0,97.0,58,0
103,97,376,86,373,354,98,597,597,136.0,97.0,58,0
296,519,374,121,403,594,375,597,597,136.0,97.0,58,0
579,0,2,566,0,36,0,597,597,136.0,97.0,58,0
50,134,2,8,9,279,136,597,597,136.0,97.0,58,0
0,0,0,0,18,0,2,597,597,136.0,97.0,58,0
0,0,0,0,0,0,100,597,597,136.0,97.0,58,0
120,0,0,100,0,0,0,597,597,136.0,97.0,58,0
32,50,0,2,0,64,548,597,597,136.0,97.0,58,0
130,4,256,578,0,0,0,597,597,136.0,97.0,58,0
0,324,0,20,296,7,520,597,597,136.0,97.0,58,0
0,16,581,22,292,297,545,597,597,136.0,97.0,58,0
0,0,0,0,0,0,0,597,597,136.0,97.0,58,0
49,100,0,0,3,400,0,597,597,136.0,97.0,58,0
311,548,17,16,0,0,296,597,597,136.0,97.0,58,0
4,4,294,49,402,33,102,597,597,136.0,97.0,58,0
324,101,345,98,597,279,150,597,597,136.0,97.0,58,0
0,0,0,0,0,0,0,597,597,136.0,97.0,58,0
0,0,0,0,0,0,0,597,597,136.0,97.0,58,0
0,592,55,1,67,324,352,597,597,136.0,97.0,58,0
99,597,296,0,0,18,324,597,597,136.0,97.0,58,0
0,296,342,1,87,374,22,597,597,136.0,97.0,58,0
291,49,391,388,566,65,70,597,597,136.0,97.0,58,0
0,0,0,0,2,0,36,597,597,136.0,97.0,58,0
50,134,2,8,9,279,130,597,597,136.0,97.0,58,0
144,4,256,577,0,0,0,597,597,136.0,97.0,58,0
0,0,0,0,0,0,0,597,597,136.0,97.0,58,0
0,310,0,20,402,7,520,597,597,136.0,97.0,58,0
0,0,0,0,0,0,4,597,597,136.0,97.0,58,0
0,8,3,561,512,0,0,597,597,136.0,97.0,58,0
120,3,352,0,99,519,597,597,597,136.0,97.0,58,0
49,100,0,0,3,400,0,597,597,136.0,97.0,58,0
547,520,0,289,260,0,40,597,597,136.0,97.0,58,0
324,101,345,98,597,135,150,597,597,136.0,97.0,58,0
311,548,17,16,0,0,296,597,597,136.0,97.0,58,0
295,512,2,1,113,518,288,597,597,136.0,97.0,58,0
0,0,3,336,310,0,0,597,597,136.0,97.0,58,0
4,352,361,263,308,297,576,597,597,136.0,97.0,58,0
0,0,0,0,0,0,0,597,597,136.0,97.0,58,0
0,0,3,564,23,580,518,597,597,136.0,97.0,58,0
306,50,0,592,296,0,2,597,597,136.0,97.0,58,0
578,0,2,566,0,38,0,597,597,136.0,97.0,58,0
340,1,2,4,375,2,100,597,597,136.0,97.0,58,0
1,100,304,311,390,16,4,597,597,136.0,97.0,58,0
50,134,2,8,9,279,136,597,597,136.0,97.0,58,0
36,19,100,100,0,1,36,597,597,136.0,97.0,58,0
0,0,25,3,321,0,0,597,597,136.0,97.0,58,0
0,0,0,0,18,0,2,597,597,136.0,97.0,58,0
120,0,0,100,0,0,0,597,597,136.0,97.0,58,0
132,288,339,101,291,324,48,597,597,136.0,97.0,58,0
54,321,402,576,307,72,0,597,597,136.0,97.0,58,0
22,150,534,0,0,0,8,597,597,136.0,97.0,58,0
36,50,0,2,0,64,548,597,597,136.0,97.0,58,0
152,4,256,576,0,0,0,597,597,136.0,97.0,58,0
0,296,0,21,0,7,520,597,597,136.0,97.0,58,0
49,100,0,0,3,386,296,597,597,136.0,97.0,58,0
4,4,294,49,402,33,102,597,597,136.0,97.0,58,0
324,101,345,98,597,87,150,597,597,136.0,97.0,58,0
311,548,17,16,0,0,296,597,597,136.0,97.0,58,0
0,0,0,0,0,0,0,597,597,136.0,97.0,58,0
0,18,579,22,292,297,545,597,597,136.0,97.0,58,0
0,0,0,0,0,0,0,597,597,136.0,97.0,58,0
0,0,0,0,0,0,0,597,597,136.0,97.0,58,0
5,2,404,96,281,100,297,597,597,136.0,97.0,58,0
0,105,320,294,296,24,352,597,597,136.0,97.0,58,0
0,7,133,324,387,136,50,597,597,136.0,97.0,58,0
0,592,55,1,67,324,352,597,597,136.0,97.0,58,0
0,274,0,0,0,0,0,597,597,136.0,97.0,58,0
0,0,293,0,0,100,352,597,597,136.0,97.0,58,0
1,0,0,5,0,0,0,597,597,136.0,97.0,58,0
100,130,281,324,0,0,0,597,597,136.0,97.0,58,0
0,8,0,0,0,1,104,597,597,136.0,97.0,58,0
0,4,0,65,0,0,0,597,597,136.0,97.0,58,0
4,150,114,65,49,385,36,597,597,136.0,97.0,58,0
1,33,304,19,2,582,117,597,597,136.0,97.0,58,0
2,304,296,72,54,5,296,597,597,136.0,97.0,58,0
50,134,2,8,9,279,116,597,597,136.0,97.0,58,0
0,0,0,0,0,0,100,597,597,136.0,97.0,58,0
0,0,0,0,0,0,0,597,597,136.0,97.0,58,0
262,4,256,569,0,0,0,597,597,136.0,97.0,58,0
0,288,0,21,100,7,520,597,597,136.0,97.0,58,0
6,5,104,22,0,1,562,597,597,136.0,97.0,58,0
291,49,391,86,566,361,70,597,597,136.0,97.0,58,0
0,0,0,0,0,0,4,597,597,136.0,97.0,58,0
0,8,3,561,512,0,0,597,597,136.0,97.0,58,0
120,3,352,0,99,569,597,597,597,136.0,97.0,58,0
547,520,0,288,576,0,40,597,597,136.0,97.0,58,0
49,100,0,0,3,359,296,597,597,136.0,97.0,58,0
324,101,345,98,597,39,150,597,597,136.0,97.0,58,0
311,548,17,16,0,0,296,597,597,136.0,97.0,58,0
295,512,2,1,113,518,288,597,597,136.0,97.0,58,0
0,0,3,323,8,0,0,597,597,136.0,97.0,58,0
4,352,361,263,308,297,576,597,597,136.0,97.0,58,0
0,0,0,0,0,0,0,597,597,136.0,97.0,58,0
0,0,3,564,23,580,518,597,597,136.0,97.0,58,0
0,592,55,1,67,324,352,597,597,136.0,97.0,58,0
0,0,0,0,0,0,0,597,597,136.0,97.0,58,0
306,50,0,585,296,0,3,597,597,136.0,97.0,58,0
0,100,0,0,324,32,144,597,597,136.0,97.0,58,0
577,0,2,566,0,40,0,597,597,136.0,97.0,58,0
23,16,130,57,5,513,310,597,597,136.0,97.0,58,0
50,134,2,8,9,279,130,597,597,136.0,97.0,58,0
0,0,0,0,18,0,2,597,597,136.0,97.0,58,0
120,0,0,100,0,0,0,597,597,136.0,97.0,58,0
40,50,0,2,0,64,548,597,597,136.0,97.0,58,0
276,4,256,568,0,0,0,597,597,136.0,97.0,58,0
0,274,0,21,296,7,520,597,597,136.0,97.0,58,0
0,20,577,22,292,297,545,597,597,136.0,97.0,58,0
0,0,0,0,0,0,0,597,597,136.0,97.0,58,0
1,4,5,360,101,355,548,597,597,136.0,97.0,58,0
0,4,50,360,1,0,50,597,597,136.0,97.0,58,0
49,100,0,0,3,359,296,597,597,136.0,97.0,58,0
311,548,17,16,0,0,296,597,597,136.0,97.0,58,0
4,4,294,49,402,33,102,597,597,136.0,97.0,58,0
324,101,345,98,596,595,150,597,597,136.0,97.0,58,0
0,0,0,0,0,0,0,597,597,136.0,97.0,58,0
0,0,0,0,0,0,0,597,597,136.0,97.0,58,0
0,592,55,1,67,324,352,597,597,136.0,97.0,58,0
0,22,0,0,0,0,0,597,597,136.0,97.0,58,0
22,0,0,103,308,72,0,597,597,136.0,97.0,58,0
24,39,0,0,0,136,0,597,597,136.0,97.0,58,0
50,134,2,8,9,279,136,597,597,136.0,97.0,58,0
290,4,256,567,0,0,0,597,597,136.0,97.0,58,0
0,260,0,21,402,7,520,597,597,136.0,97.0,58,0
0,0,0,0,0,0,0,597,597,136.0,97.0,58,0
98,41,100,3,339,520,0,597,597,136.0,97.0,58,0
0,0,0,0,0,0,4,597,597,136.0,97.0,58,0
0,8,3,561,512,0,0,597,597,136.0,97.0,58,0
120,3,352,0,99,569,597,597,597,136.0,97.0,58,0
547,520,0,288,288,0,40,597,597,136.0,97.0,58,0
49,100,0,0,4,22,296,597,597,136.0,97.0,58,0
324,101,345,98,596,547,150,597,597,136.0,97.0,58,0
311,548,17,16,0,0,296,597,597,136.0,97.0,58,0
295,512,2,1,113,518,288,597,597,136.0,97.0,58,0
0,0,3,309,310,0,0,597,597,136.0,97.0,58,0
4,352,361,263,308,297,576,597,597,136.0,97.0,58,0
0,0,0,0,0,0,0,597,597,136.0,97.0,58,0
0,0,3,564,23,580,518,597,597,136.0,97.0,58,0
0,592,55,1,67,324,352,597,597,136.0,97.0,58,0
306,50,0,584,296,0,4,597,597,136.0,97.0,58,0
576,0,2,566,0,48,0,597,597,136.0,97.0,58,0
291,49,392,280,567,261,70,597,597,136.0,97.0,58,0
50,134,2,8,9,279,136,597,597,136.0,97.0,58,0
0,0,0,0,18,0,2,597,597,136.0,97.0,58,0
0,0,0,0,0,0,100,597,597,136.0,97.0,58,0
120,0,0,100,0,0,0,597,597,136.0,97.0,58,0
0,50,0,2,0,64,548,597,597,136.0,97.0,58,0
2,4,256,594,0,0,0,597,597,136.0,97.0,58,0
0,548,0,18,0,7,520,597,597,136.0,97.0,58,0
0,0,597,22,292,297,545,597,597,136.0,97.0,58,0
0,0,0,0,0,0,0,597,597,136.0,97.0,58,0
49,100,0,0,4,22,296,597,597,136.0,97.0,58,0
311,548,17,16,0,0,296,597,597,136.0,97.0,58,0
4,4,294,49,402,33,102,597,597,136.0,97.0,58,0
324,101,345,98,548,353,150,597,597,136.0,97.0,58,0
0,0,0,0,0,0,0,597,597,136.0,97.0,58,0
0,592,55,1,67,324,352,597,597,136.0,97.0,58,0
4,0,0,0,0,4,0,597,597,136.0,97.0,58,0
100,547,576,50,402,96,150,597,597,136.0,97.0,58,0
50,134,2,8,9,279,136,597,597,136.0,97.0,58,0
16,4,256,593,0,0,0,597,597,136.0,97.0,58,0
0,0,0,0,0,0,0,597,597,136.0,97.0,58,0
0,534,0,18,100,7,520,597,597,136.0,97.0,58,0
6,5,104,22,0,1,562,597,597,136.0,97.0,58,0
0,22,0,50,0,0,50,597,597,136.0,97.0,58,0
296,0,50,1,0,0,0,597,597,136.0,97.0,58,0
0,8,0,0,0,1,104,597,597,136.0,97.0,58,0
0,0,0,0,0,0,4,597,597,136.0,97.0,58,0
0,8,3,561,512,0,0,597,597,136.0,97.0,58,0
120,7,352,0,99,569,597,597,597,136.0,97.0,58,0
547,520,0,295,296,0,40,597,597,136.0,97.0,58,0
49,100,0,0,4,9,0,597,597,136.0,97.0,58,0
324,101,345,98,548,305,150,597,597,136.0,97.0,58,0
311,548,17,16,0,0,296,597,597,136.0,97.0,58,0
295,512,2,1,113,518,288,597,597,136.0,97.0,58,0
0,0,3,584,8,0,0,597,597,136.0,97.0,58,0
4,0,361,263,308,297,576,597,597,136.0,97.0,58,0
0,0,0,0,0,0,0,597,597,136.0,97.0,58,0
0,0,3,564,23,580,518,597,597,136.0,97.0,58,0
0,592,55,1,67,324,352,597,597,136.0,97.0,58,0
306,50,0,583,296,0,5,597,597,136.0,97.0,58,0
597,0,2,566,0,0,0,597,597,136.0,97.0,58,0
50,134,2,8,9,279,130,597,597,136.0,97.0,58,0
0,0,0,0,18,0,2,597,597,136.0,97.0,58,0
120,0,0,100,0,0,0,597,597,136.0,97.0,58,0
4,50,0,2,0,64,548,597,597,136.0,97.0,58,0
24,4,256,592,0,0,0,597,597,136.0,97.0,58,0
0,520,0,18,296,7,520,597,597,136.0,97.0,58,0
0,2,595,22,292,297,545,597,597,136.0,97.0,58,0
0,0,0,0,0,0,0,597,597,136.0,97.0,58,0
291,49,392,84,371,563,70,597,597,136.0,97.0,58,0
49,100,0,0,3,592,0,597,597,136.0,97.0,58,0
311,548,17,16,0,0,296,597,597,136.0,97.0,58,0
4,4,294,49,402,33,102,597,597,136.0,97.0,58,0
324,101,345,98,548,257,150,597,597,136.0,97.0,58,0
0,0,0,0,0,0,0,597,597,136.0,97.0,58,0
0,0,0,0,0,0,0,597,597,136.0,97.0,58,0
0,592,55,1,67,324,352,597,597,136.0,97.0,58,0
0,84,296,0,0,0,0,597,597,136.0,97.0,58,0
0,2,0,296,0,0,0,597,597,136.0,97.0,58,0
23,16,130,65,6,115,310,597,597,136.0,97.0,58,0
50,134,2,8,9,279,130,597,597,136.0,97.0,58,0
0,0,0,0,0,0,100,597,597,136.0,97.0,58,0
0,0,0,0,0,0,0,597,597,136.0,97.0,58,0
38,4,256,585,0,0,0,597,597,136.0,97.0,58,0
0,512,0,18,402,7,520,597,597,136.0,97.0,58,0
23,0,50,0,2,129,22,597,597,136.0,97.0,58,0
50,0,0,0,50,150,0,597,597,136.0,97.0,58,0
0,4,50,360,1,0,50,597,597,136.0,97.0,58,0
0,0,0,0,0,0,4,597,597,136.0,97.0,58,0
0,8,3,561,512,0,0,597,597,136.0,97.0,58,0
120,3,352,0,99,569,597,597,597,136.0,97.0,58,0
49,100,0,0,3,592,0,597,597,136.0,97.0,58,0
547,520,0,295,8,0,40,597,597,136.0,97.0,58,0
324,101,345,98,548,113,150,597,597,136.0,97.0,58,0
311,548,17,16,0,0,296,597,597,136.0,97.0,58,0
295,512,2,1,113,518,288,597,597,136.0,97.0,58,0
0,0,3,576,310,0,0,597,597,136.0,97.0,58,0
0,0,361,263,308,297,576,597,597,136.0,97.0,58,0
0,0,0,0,0,0,0,597,597,136.0,97.0,58,0
0,0,3,564,23,580,518,597,597,136.0,97.0,58,0
0,592,55,1,67,324,352,597,597,136.0,97.0,58,0
306,50,0,582,296,0,6,597,597,136.0,97.0,58,0
596,0,2,566,0,2,0,597,597,136.0,97.0,58,0
1,569,409,409,344,313,276,597,597,136.0,97.0,58,0
50,134,2,8,9,279,136,597,597,136.0,97.0,58,0
0,0,0,0,18,0,2,597,597,136.0,97.0,58,0
120,0,0,100,0,0,0,597,597,136.0,97.0,58,0
8,50,0,2,0,64,548,597,597,136.0,97.0,58,0
52,4,256,584,0,0,0,597,597,136.0,97.0,58,0
0,402,0,19,0,7,520,597,597,136.0,97.0,58,0
0,4,593,22,292,297,545,597,597,136.0,97.0,58,0
0,0,0,0,0,0,0,597,597,136.0,97.0,58,0
49,100,0,0,3,578,296,597,597,136.0,97.0,58,0
311,548,17,16,0,0,296,597,597,136.0,97.0,58,0
4,4,294,49,402,33,102,597,597,136.0,97.0,58,0
324,101,345,98,548,65,150,597,597,136.0,97.0,58,0
0,0,0,0,0,0,0,597,597,136.0,97.0,58,0
0,0,0,0,0,0,0,597,597,136.0,97.0,58,0
0,592,55,1,67,324,352,597,597,136.0,97.0,58,0
99,597,296,0,0,18,324,597,597,136.0,97.0,58,0
0,0,0,0,2,0,36,597,597,136.0,97.0,58,0
291,49,391,582,70,361,70,597,597,136.0,97.0,58,0
50,134,2,8,9,279,148,597,597,136.0,97.0,58,0
66,4,256,583,0,0,0,597,597,136.0,97.0,58,0
0,0,0,0,0,0,0,597,597,136.0,97.0,58,0
0,388,0,19,100,7,520,597,597,136.0,97.0,58,0
6,5,104,22,0,1,562,597,597,136.0,97.0,58,0
0,0,0,0,0,0,4,597,597,136.0,97.0,58,0
0,8,3,561,512,0,0,597,597,136.0,97.0,58,0
120,3,352,0,99,569,583,597,597,136.0,97.0,58,0
49,100,0,0,3,551,296,597,597,136.0,97.0,58,0
547,520,0,294,324,0,40,597,597,136.0,97.0,58,0
324,101,345,98,548,17,150,597,597,136.0,97.0,58,0
311,548,17,16,0,0,296,597,597,136.0,97.0,58,0
295,512,2,1,113,518,288,597,597,136.0,97.0,58,0
0,0,3,563,8,0,0,597,597,136.0,97.0,58,0
0,0,361,263,308,297,576,597,597,136.0,97.0,58,0
0,0,0,0,0,0,0,597,597,136.0,97.0,58,0
0,0,3,564,23,580,518,597,597,136.0,97.0,58,0
0,592,55,1,67,324,352,597,597,136.0,97.0,58,0
0,0,3,596,296,65,0,597,597,136.0,97.0,58,0
306,50,0,581,296,0,7,597,597,136.0,97.0,58,0
595,0,2,566,0,4,0,597,597,136.0,97.0,58,0
340,1,2,4,375,2,100,597,597,136.0,97.0,58,0
50,134,2,8,9,279,130,597,597,136.0,97.0,58,0
36,19,100,100,0,1,36,597,597,136.0,97.0,58,0
0,0,25,3,321,0,0,597,597,136.0,97.0,58,0
0,0,0,0,18,0,2,597,597,136.0,97.0,58,0
0,0,0,0,0,0,100,597,597,136.0,97.0,58,0
120,0,0,100,0,0,0,597,597,136.0,97.0,58,0
132,288,339,101,291,324,48,597,597,136.0,97.0,58,0
54,321,402,576,307,72,0,597,597,136.0,97.0,58,0
22,150,534,0,0,0,8,597,597,136.0,97.0,58,0
18,50,0,2,0,64,548,597,597,136.0,97.0,58,0
80,4,256,582,0,0,0,597,597,136.0,97.0,58,0
49,100,0,0,3,551,296,597,597,136.0,97.0,58,0
311,548,17,16,0,0,296,597,597,136.0,97.0,58,0
4,4,294,49,402,33,102,597,597,136.0,97.0,58,0
0,0,0,0,0,0,0,597,597,136.0,97.0,58,0
324,101,345,98,597,567,150,597,597,136.0,97.0,58,0
0,374,0,19,296,7,520,597,597,136.0,97.0,58,0
0,6,585,22,292,297,545,597,597,136.0,97.0,58,0
0,0,0,0,0,0,0,597,597,136.0,97.0,58,0
0,0,0,0,0,0,0,597,597,136.0,97.0,58,0
5,2,404,96,281,100,297,597,597,136.0,97.0,58,0
0,105,320,294,296,24,352,597,597,136.0,97.0,58,0
0,7,133,128,387,136,50,597,597,136.0,97.0,58,0
0,592,55,1,67,324,352,597,597,136.0,97.0,58,0
0,274,0,0,0,0,0,597,597,136.0,97.0,58,0
1,100,304,311,390,16,4,597,597,136.0,97.0,58,0
0,0,293,0,0,100,352,597,597,136.0,97.0,58,0
1,0,0,5,0,0,0,597,597,136.0,97.0,58,0
100,130,281,324,0,0,0,597,597,136.0,97.0,58,0
0,8,0,0,0,1,104,597,597,136.0,97.0,58,0
0,4,0,65,0,0,0,597,597,136.0,97.0,58,0
4,150,114,65,49,385,36,597,597,136.0,97.0,58,0
1,33,304,19,3,582,117,597,597,136.0,97.0,58,0
2,402,296,82,278,5,324,597,597,136.0,97.0,58,0
50,134,2,8,9,279,130,597,597,136.0,97.0,58,0
88,4,256,581,0,0,0,597,597,136.0,97.0,58,0
0,0,0,0,0,0,0,597,597,136.0,97.0,58,0
0,360,0,19,402,7,520,597,597,136.0,97.0,58,0
291,49,391,385,569,65,70,597,597,136.0,97.0,58,0
0,0,0,0,0,0,4,597,597,136.0,97.0,58,0
0,8,3,561,512,0,0,597,597,136.0,97.0,58,0
120,3,352,0,99,569,597,597,597,136.0,97.0,58,0
49,100,0,0,3,530,296,597,597,131.0,108.0,58,0
547,520,0,294,36,0,40,597,597,131.0,108.0,58,0
324,101,345,98,597,519,150,597,597,131.0,108.0,58,0
311,548,17,16,0,0,296,597,597,131.0,108.0,58,0
295,512,2,1,113,518,288,597,597,131.0,108.0,58,0
0,0,3,549,310,0,0,597,597,131.0,108.0,58,0
0,296,361,263,308,297,576,597,597,131.0,108.0,58,0
0,0,0,0,0,0,0,597,597,131.0,108.0,58,0
0,0,3,564,23,580,518,597,597,131.0,108.0,58,0
0,592,55,1,67,324,352,597,597,131.0,108.0,58,0
0,0,0,0,0,0,0,597,597,131.0,108.0,58,0
306,50,0,580,296,0,8,597,597,131.0,108.0,58,0
0,100,0,0,324,25,145,597,597,131.0,108.0,58,0
594,0,2,566,0,6,0,597,597,131.0,108.0,58,0
23,16,130,67,6,115,310,597,597,131.0,108.0,58,0
50,134,2,8,9,279,148,597,597,131.0,108.0,58,0
0,0,0,0,18,0,2,597,597,131.0,108.0,58,0
120,0,0,100,0,0,0,597,597,131.0,108.0,58,0
22,50,0,2,0,64,548,597,597,131.0,108.0,58,0
102,4,256,580,0,0,0,597,597,131.0,108.0,58,0
0,352,0,20,0,7,520,597,597,131.0,108.0,58,0
0,8,583,22,292,297,545,597,597,131.0,108.0,58,0
0,0,0,0,0,0,0,597,597,131.0,108.0,58,0
0,4,50,360,1,0,50,597,597,131.0,108.0,58,0
49,100,0,0,3,530,296,597,597,131.0,108.0,58,0
311,548,17,16,0,0,296,597,597,131.0,108.0,58,0
4,4,294,49,402,33,102,597,597,131.0,108.0,58,0
324,101,345,98,597,375,150,597,597,131.0,108.0,58,0
0,0,0,0,0,0,0,597,597,131.0,108.0,58,0
0,0,0,0,0,0,0,597,597,131.0,108.0,58,0
0,36,0,0,0,0,0,597,597,131.0,108.0,58,0
24,39,0,0,0,136,0,597,597,131.0,108.0,58,0
356,513,533,550,533,514,597,597,597,131.0,108.0,58,0
1,24,2,576,7,52,96,597,597,131.0,108.0,58,0
289,548,0,0,1,595,520,597,597,131.0,108.0,58,0
50,134,2,8,9,279,148,597,597,131.0,108.0,58,0
0,0,0,0,0,0,100,597,597,131.0,108.0,58,0
0,0,0,0,0,0,0,597,597,131.0,108.0,58,0
116,4,256,579,0,0,0,597,597,131.0,108.0,58,0
6,5,104,22,0,1,562,597,597,131.0,108.0,58,0
0,0,0,0,0,0,4,597,597,131.0,108.0,58,0
0,8,3,561,512,0,0,597,597,131.0,108.0,58,0
120,3,352,0,99,569,597,597,597,131.0,108.0,58,0
49,100,0,0,3,517,0,597,597,131.0,108.0,58,0
547,520,0,293,352,0,40,597,597,131.0,108.0,58,0
324,101,345,98,597,327,150,597,597,131.0,108.0,58,0
311,548,17,16,0,0,296,597,597,131.0,108.0,58,0
295,512,2,1,113,518,288,597,597,131.0,108.0,58,0
0,0,3,536,8,0,0,597,597,131.0,108.0,58,0
0,296,361,263,308,297,576,597,597,131.0,108.0,58,0
0,0,0,0,0,0,0,597,597,131.0,108.0,58,0
0,0,3,564,23,580,518,597,597,131.0,108.0,58,0
0,592,55,1,67,324,352,597,597,131.0,108.0,58,0
306,50,0,579,296,0,9,597,597,131.0,108.0,58,0
296,0,0,0,0,0,0,597,597,131.0,108.0,58,0
593,0,2,566,0,8,0,597,597,131.0,108.0,58,0
36,2,274,0,0,0,0,597,597,131.0,108.0,58,0
291,49,391,385,71,563,70,597,597,131.0,108.0,58,0
50,134,2,8,9,279,136,597,597,131.0,108.0,58,0
0,0,0,0,18,0,2,597,597,131.0,108.0,58,0
120,0,0,100,0,0,0,597,597,131.0,108.0,58,0
32,50,0,2,0,64,548,597,597,131.0,108.0,58,0
130,4,256,578,0,0,0,597,597,131.0,108.0,58,0
0,324,0,20,296,7,520,597,597,131.0,108.0,58,0
0,16,581,22,292,297,545,597,597,131.0,108.0,58,0
0,0,0,0,0,0,0,597,597,131.0,108.0,58,0
49,100,0,0,3,400,0,597,597,131.0,108.0,58,0
311,548,17,16,0,0,296,597,597,131.0,108.0,58,0
4,4,294,49,402,33,102,597,597,131.0,108.0,58,0
324,101,345,98,597,279,150,597,597,131.0,108.0,58,0
0,0,0,0,0,0,0,597,597,131.0,108.0,58,0
0,0,0,0,0,0,0,597,597,131.0,108.0,58,0
0,592,55,1,67,324,352,597,597,131.0,108.0,58,0
4,0,0,0,0,4,0,597,597,131.0,108.0,58,0
100,547,576,50,402,96,150,597,597,131.0,108.0,58,0
50,134,2,8,9,279,136,597,597,131.0,108.0,58,0
144,4,256,577,0,0,0,597,597,131.0,108.0,58,0
0,0,0,0,0,0,0,597,597,131.0,108.0,58,0
0,310,0,20,402,7,520,597,597,131.0,108.0,58,0
0,22,0,50,0,0,50,597,597,131.0,108.0,58,0
0,8,0,0,0,1,104,597,597,131.0,108.0,58,0
0,0,0,0,0,0,4,597,597,131.0,108.0,58,0
0,8,3,561,512,0,0,597,597,131.0,108.0,58,0
120,3,352,0,99,569,597,597,597,131.0,108.0,58,0
547,520,0,293,64,0,40,597,597,131.0,108.0,58,0
49,100,0,0,3,400,0,597,597,131.0,108.0,58,0
324,101,345,98,597,135,150,597,597,131.0,108.0,58,0
311,548,17,16,0,0,296,597,597,131.0,108.0,58,0
295,512,2,1,113,518,288,597,597,131.0,108.0,58,0
0,0,3,528,310,0,0,597,597,131.0,108.0,58,0
0,548,361,263,308,297,576,597,597,131.0,108.0,58,0
0,0,0,0,0,0,0,597,597,131.0,108.0,58,0
0,0,3,564,23,580,518,597,597,131.0,108.0,58,0
0,592,55,1,67,324,352,597,597,131.0,108.0,58,0
306,50,0,578,296,0,16,597,597,131.0,108.0,58,0
592,0,2,566,0,16,0,597,597,131.0,108.0,58,0
50,134,2,8,9,279,136,597,597,131.0,108.0,58,0
0,0,0,0,18,0,2,597,597,131.0,108.0,58,0
0,0,0,0,0,0,100,597,597,131.0,108.0,58,0
120,0,0,100,0,0,0,597,597,131.0,108.0,58,0
36,50,0,2,0,64,548,597,597,131.0,108.0,58,0
152,4,256,576,0,0,0,597,597,131.0,108.0,58,0
0,296,0,21,0,7,520,597,597,131.0,108.0,58,0
0,18,579,22,292,297,545,597,597,131.0,108.0,58,0
0,0,0,0,0,0,0,597,597,131.0,108.0,58,0
291,49,391,278,576,261,70,597,597,131.0,108.0,58,0
49,100,0,0,3,386,296,597,597,131.0,108.0,58,0
311,548,17,16,0,0,296,597,597,131.0,108.0,58,0
4,4,294,49,402,33,102,597,597,131.0,108.0,58,0
324,101,345,98,597,87,150,597,597,131.0,108.0,58,0
0,0,0,0,0,0,0,597,597,131.0,108.0,58,0
0,0,0,0,0,0,0,597,597,131.0,108.0,58,0
0,592,55,1,67,324,352,597,597,131.0,108.0,58,0
0,84,296,0,0,0,0,597,597,131.0,108.0,58,0
0,2,0,296,0,0,0,597,597,131.0,108.0,58,0
23,16,130,53,5,115,310,597,597,131.0,108.0,58,0
50,134,2,8,9,279,130,597,597,131.0,108.0,58,0
262,4,256,569,0,0,0,597,597,131.0,108.0,58,0
0,0,0,0,0,0,0,597,597,131.0,108.0,58,0
0,288,0,21,100,7,520,597,597,131.0,108.0,58,0
64,361,514,88,325,311,101,597,597,131.0,108.0,58,0
0,4,50,360,1,0,50,597,597,131.0,108.0,58,0
0,0,0,0,0,0,4,597,597,131.0,108.0,58,0
0,8,3,561,512,0,0,597,597,131.0,108.0,58,0
120,3,352,0,99,569,583,597,597,131.0,108.0,58,0
547,520,0,292,374,0,40,597,597,131.0,108.0,58,0
49,100,0,0,3,359,296,597,597,131.0,108.0,58,0
324,101,345,98,597,39,150,597,597,131.0,108.0,58,0
311,548,17,16,0,0,296,597,597,131.0,108.0,58,0
295,512,2,1,113,518,288,597,597,131.0,108.0,58,0
0,0,3,515,8,0,0,597,597,131.0,108.0,58,0
0,548,361,263,308,297,576,597,597,131.0,108.0,58,0
0,0,0,0,0,0,0,597,597,131.0,108.0,58,0
0,592,55,1,67,324,352,597,597,131.0,108.0,58,0
22,0,0,103,308,72,0,597,597,131.0,108.0,58,0
306,50,0,577,296,0,17,597,597,131.0,108.0,58,0
567,519,294,597,581,569,295,597,597,131.0,108.0,58,0
585,0,2,566,0,18,0,597,597,131.0,108.0,58,0
50,134,2,8,9,279,130,597,597,131.0,108.0,58,0
0,0,0,0,18,0,2,597,597,131.0,108.0,58,0
120,0,0,100,0,0,0,597,597,131.0,108.0,58,0
40,50,0,2,0,64,548,597,597,131.0,108.0,58,0
276,4,256,568,0,0,0,597,597,131.0,108.0,58,0
0,274,0,21,296,7,520,597,597,131.0,108.0,58,0
0,20,577,22,292,297,545,597,597,131.0,108.0,58,0
1,121,409,512,48,295,308,597,597,131.0,108.0,58,0
49,100,0,0,3,359,296,597,597,131.0,108.0,58,0
311,548,17,16,0,0,296,597,597,131.0,108.0,58,0
4,4,294,49,402,33,102,597,597,131.0,108.0,58,0
324,101,345,98,596,595,150,597,597,131.0,108.0,58,0
0,0,0,0,0,0,0,597,597,131.0,108.0,58,0
0,0,0,0,0,0,0,597,597,131.0,108.0,58,0
0,592,55,1,67,324,352,597,597,131.0,108.0,58,0
99,597,296,0,0,18,324,597,597,131.0,108.0,58,0
0,0,0,0,2,0,36,597,597,131.0,108.0,58,0
291,49,392,277,73,65,70,597,597,131.0,108.0,58,0
50,134,2,8,9,279,130,597,597,131.0,108.0,58,0
0,0,0,0,0,0,100,597,597,131.0,108.0,58,0
0,0,0,0,0,0,0,597,597,131.0,108.0,58,0
290,4,256,567,0,0,0,597,597,131.0,108.0,58,0
0,260,0,21,402,7,520,597,597,131.0,108.0,58,0
0,0,0,0,0,0,4,597,597,131.0,108.0,58,0
0,8,3,561,512,0,0,597,597,131.0,108.0,58,0
120,7,352,0,99,569,597,597,597,131.0,108.0,58,0
547,520,0,292,86,0,40,597,597,131.0,108.0,58,0
49,100,0,0,4,22,296,597,597,131.0,108.0,58,0
324,101,345,98,596,547,150,597,597,131.0,108.0,58,0
311,548,17,16,0,0,296,597,597,131.0,108.0,58,0
295,512,2,1,113,518,288,597,597,131.0,108.0,58,0
0,0,3,405,310,0,0,597,597,131.0,108.0,58,0
0,50,361,263,308,297,576,597,597,131.0,108.0,58,0
0,0,0,0,0,0,0,597,597,131.0,108.0,58,0
0,0,3,564,23,580,518,597,597,131.0,108.0,58,0
0,592,55,1,67,324,352,597,597,131.0,108.0,58,0
0,0,3,596,296,64,296,597,597,131.0,108.0,58,0
306,50,0,576,296,0,18,597,597,131.0,108.0,58,0
584,0,2,566,0,20,0,597,597,131.0,108.0,58,0
340,1,2,4,375,2,100,597,597,131.0,108.0,58,0
50,134,2,8,9,279,130,597,597,131.0,108.0,58,0
36,19,100,100,0,1,36,597,597,131.0,108.0,58,0
0,0,25,3,321,0,0,597,597,131.0,108.0,58,0
0,0,0,0,18,0,2,597,597,131.0,108.0,58,0
120,0,0,100,0,0,0,597,597,131.0,108.0,58,0
132,288,339,101,291,324,48,597,597,131.0,108.0,58,0
54,321,402,576,307,72,0,597,597,131.0,108.0,58,0
22,150,534,0,0,0,8,597,597,131.0,108.0,58,0
0,50,0,2,0,64,548,597,597,131.0,108.0,58,0
2,4,256,594,0,0,0,597,597,131.0,108.0,58,0
0,548,0,18,0,7,520,597,597,131.0,108.0,58,0
49,100,0,0,4,22,296,597,597,131.0,108.0,58,0
4,4,294,49,402,33,102,597,597,131.0,108.0,58,0
324,101,345,98,548,353,150,597,597,131.0,108.0,58,0
311,548,17,16,0,0,296,597,597,131.0,108.0,58,0
0,0,0,0,0,0,0,597,597,131.0,108.0,58,0
0,0,597,22,292,297,545,597,597,131.0,108.0,58,0
0,0,0,0,0,0,0,597,597,131.0,108.0,58,0
0,0,0,0,0,0,0,597,597,131.0,108.0,58,0
5,2,404,96,281,100,297,597,597,131.0,108.0,58,0
0,105,320,294,296,24,352,597,597,131.0,108.0,58,0
0,7,133,274,387,136,50,597,597,131.0,108.0,58,0
0,592,55,1,67,324,352,597,597,131.0,108.0,58,0
0,274,0,0,0,0,0,597,597,131.0,108.0,58,0
1,100,304,311,390,16,4,597,597,131.0,108.0,58,0
0,0,293,0,0,100,352,597,597,131.0,108.0,58,0
1,0,0,5,0,0,0,597,597,131.0,108.0,58,0
100,130,281,324,0,0,0,597,597,131.0,108.0,58,0
0,4,0,64,0,0,0,597,597,131.0,108.0,58,0
4,150,114,65,49,385,36,597,597,131.0,108.0,58,0
1,33,304,19,2,582,117,597,597,131.0,108.0,58,0
2,304,296,72,54,5,296,597,597,131.0,108.0,58,0
50,134,2,8,9,279,136,597,597,131.0,108.0,58,0
16,4,256,593,0,0,0,597,597,131.0,108.0,58,0
0,0,0,0,0,0,0,597,597,131.0,108.0,58,0
0,534,0,18,100,7,520,597,597,131.0,108.0,58,0
6,5,104,22,0,1,562,597,597,131.0,108.0,58,0
291,49,392,276,375,361,70,597,597,131.0,108.0,58,0
0,0,0,0,0,0,4,597,597,131.0,108.0,58,0
0,8,3,561,512,0,0,597,597,131.0,108.0,58,0
120,7,352,0,99,569,597,597,597,131.0,108.0,58,0
547,520,0,291,402,0,40,597,597,131.0,108.0,58,0
49,100,0,0,4,9,0,597,597,131.0,108.0,58,0
324,101,345,98,548,305,150,597,597,131.0,108.0,58,0
311,548,17,16,0,0,296,597,597,131.0,108.0,58,0
295,512,2,1,113,518,288,597,597,131.0,108.0,58,0
0,0,3,392,8,0,0,597,597,131.0,108.0,58,0
0,0,361,263,308,297,576,597,597,131.0,108.0,58,0
0,0,0,0,0,0,0,597,597,131.0,108.0,58,0
0,0,3,564,23,580,518,597,597,131.0,108.0,58,0
0,592,55,1,67,324,352,597,597,131.0,108.0,58,0
0,0,0,0,0,0,0,597,597,131.0,108.0,58,0
306,50,0,569,296,0,19,597,597,131.0,108.0,58,0
0,100,0,0,324,24,146,597,597,131.0,108.0,58,0
583,0,2,566,0,22,0,597,597,131.0,108.0,58,0
23,16,130,55,5,513,310,597,597,131.0,108.0,58,0
50,134,2,8,9,279,136,597,597,131.0,108.0,58,0
0,0,0,0,18,0,2,597,597,131.0,108.0,58,0
0,0,0,0,0,0,100,597,597,131.0,108.0,58,0
120,0,0,100,0,0,0,597,597,131.0,108.0,58,0
4,50,0,2,0,64,548,597,597,131.0,108.0,58,0
24,4,256,592,0,0,0,597,597,131.0,108.0,58,0
0,520,0,18,296,7,520,597,597,131.0,108.0,58,0
0,2,595,22,292,297,545,597,597,131.0,108.0,58,0
0,0,0,0,0,0,0,597,597,131.0,108.0,58,0
100,150,1,376,84,24,0,597,597,131.0,108.0,58,0
0,2,0,2,100,0,0,597,597,131.0,108.0,58,0
49,100,0,0,3,592,0,597,597,131.0,108.0,58,0
311,548,17,16,0,0,296,597,597,131.0,108.0,58,0
4,4,294,49,402,33,102,597,597,131.0,108.0,58,0
324,101,345,98,548,257,150,597,597,131.0,108.0,58,0
0,0,0,0,0,0,0,597,597,131.0,108.0,58,0
0,0,0,0,0,0,0,597,597,131.0,108.0,58,0
0,592,55,1,67,324,352,597,597,131.0,108.0,58,0
0,50,0,0,0,0,0,597,597,131.0,108.0,58,0
70,2,40,4,8,338,520,597,597,131.0,108.0,58,0
0,4,50,360,1,0,50,597,597,131.0,108.0,58,0
24,39,0,0,0,136,0,597,597,131.0,108.0,58,0
50,134,2,8,9,279,130,597,597,131.0,108.0,58,0
38,4,256,585,0,0,0,597,597,131.0,108.0,58,0
0,0,0,0,0,0,0,597,597,131.0,108.0,58,0
0,512,0,18,402,7,520,597,597,131.0,108.0,58,0
0,0,0,0,0,0,4,597,597,131.0,108.0,58,0
0,8,3,561,512,0,0,597,597,131.0,108.0,58,0
120,3,352,0,99,569,597,597,597,131.0,108.0,58,0
547,520,0,291,114,0,40,597,597,131.0,108.0,58,0
49,100,0,0,3,592,0,597,597,131.0,108.0,58,0
324,101,345,98,548,113,150,597,597,131.0,108.0,58,0
311,548,17,16,0,0,296,597,597,131.0,108.0,58,0
295,512,2,1,113,518,288,597,597,131.0,108.0,58,0
0,0,3,384,310,0,0,597,597,131.0,108.0,58,0
1,352,361,263,308,297,576,597,597,131.0,108.0,58,0
0,0,0,0,0,0,0,597,597,131.0,108.0,58,0
0,0,3,564,23,580,518,597,597,131.0,108.0,58,0
0,592,55,1,67,324,352,597,597,131.0,108.0,58,0
306,50,0,568,296,0,20,597,597,131.0,108.0,58,0
582,0,2,566,0,24,0,597,597,131.0,108.0,58,0
291,49,391,376,376,261,70,597,597,131.0,108.0,58,0
50,134,2,8,9,279,136,597,597,131.0,108.0,58,0
0,0,0,0,18,0,2,597,597,131.0,108.0,58,0
120,0,0,100,0,0,0,597,597,131.0,108.0,58,0
8,50,0,2,0,64,548,597,597,131.0,108.0,58,0
52,4,256,584,0,0,0,597,597,131.0,108.0,58,0
0,402,0,19,0,7,520,597,597,131.0,108.0,58,0
0,4,593,22,292,297,545,597,597,131.0,108.0,58,0
0,0,0,0,0,0,0,597,597,131.0,108.0,58,0
49,100,0,0,3,578,296,597,597,131.0,108.0,58,0
311,548,17,16,0,0,296,597,597,131.0,108.0,58,0
4,4,294,49,402,33,102,597,597,131.0,108.0,58,0
324,101,345,98,548,65,150,597,597,131.0,108.0,58,0
0,0,0,0,0,0,0,597,597,131.0,108.0,58,0
0,0,0,0,0,0,0,597,597,131.0,108.0,58,0
0,592,55,1,67,324,352,597,597,131.0,108.0,58,0
4,0,0,0,0,4,0,597,597,131.0,108.0,58,0
100,547,576,50,402,96,150,597,597,131.0,108.0,58,0
50,134,2,8,9,279,136,597,597,131.0,108.0,58,0
0,0,0,0,0,0,100,597,597,131.0,108.0,58,0
0,0,0,0,0,0,0,597,597,131.0,108.0,58,0
66,4,256,583,0,0,0,597,597,131.0,108.0,58,0
0,388,0,19,100,7,520,597,597,131.0,108.0,58,0
6,5,104,22,0,1,562,597,597,131.0,108.0,58,0
0,22,0,50,0,0,50,597,597,131.0,108.0,58,0
0,0,0,0,0,0,4,597,597,131.0,108.0,58,0
0,8,3,561,512,0,0,597,597,131.0,108.0,58,0
120,3,352,0,99,569,597,597,597,131.0,108.0,58,0
49,100,0,0,3,551,296,597,597,131.0,108.0,58,0
547,520,0,290,520,0,40,597,597,131.0,108.0,58,0
324,101,345,98,548,17,150,597,597,131.0,108.0,58,0
311,548,17,16,0,0,296,597,597,131.0,108.0,58,0
295,512,2,1,113,518,288,597,597,131.0,108.0,58,0
0,0,3,371,8,0,0,597,597,131.0,108.0,58,0
1,50,361,263,308,297,576,597,597,131.0,108.0,58,0
0,0,0,0,0,0,0,597,597,131.0,108.0,58,0
0,0,3,564,23,580,518,597,597,131.0,108.0,58,0
0,592,55,1,67,324,352,597,597,131.0,108.0,58,0
306,50,0,567,296,0,21,597,597,131.0,108.0,58,0
581,0,2,566,0,32,0,597,597,131.0,108.0,58,0
50,134,2,8,9,279,130,597,597,131.0,108.0,58,0
0,0,0,0,18,0,2,597,597,131.0,108.0,58,0
120,0,0,100,0,0,0,597,597,131.0,108.0,58,0
18,50,0,2,0,64,548,597,597,131.0,108.0,58,0
80,4,256,582,0,0,0,597,597,131.0,108.0,58,0
0,374,0,19,296,7,520,597,597,131.0,108.0,58,0
0,6,585,22,292,297,545,597,597,131.0,108.0,58,0
0,0,0,0,0,0,0,597,597,131.0,108.0,58,0
291,49,392,73,376,563,70,597,597,131.0,108.0,58,0
49,100,0,0,3,551,296,597,597,131.0,108.0,58,0
311,548,17,16,0,0,296,597,597,131.0,108.0,58,0
4,4,294,49,402,33,102,597,597,131.0,108.0,58,0
324,101,345,98,597,567,150,597,597,131.0,108.0,58,0
0,0,0,0,0,0,0,597,597,131.0,108.0,58,0
0,0,0,0,0,0,0,597,597,131.0,108.0,58,0
0,592,55,1,67,324,352,597,597,131.0,108.0,58,0
0,84,296,0,0,0,0,597,597,131.0,108.0,58,0
0,2,0,296,0,0,0,597,597,131.0,108.0,58,0
23,16,130,69,6,513,310,597,597,131.0,108.0,58,0
50,134,2,8,9,279,130,597,597,131.0,108.0,58,0
88,4,256,581,0,0,0,597,597,131.0,108.0,58,0
0,0,0,0,0,0,0,597,597,131.0,108.0,58,0
0,360,0,19,402,7,520,597,597,131.0,108.0,58,0
0,4,50,360,1,0,50,597,597,131.0,108.0,58,0
0,0,0,0,0,0,4,597,597,131.0,108.0,58,0
0,8,3,561,512,0,0,597,597,131.0,108.0,58,0
120,3,352,0,99,569,597,597,597,131.0,108.0,58,0
49,100,0,0,3,530,296,597,597,131.0,108.0,58,0
547,520,0,290,136,0,40,597,597,131.0,108.0,58,0
324,101,345,98,597,519,150,597,597,131.0,108.0,58,0
311,548,17,16,0,0,296,597,597,131.0,108.0,58,0
295,512,2,1,113,518,288,597,597,131.0,108.0,58,0
0,0,3,357,310,0,0,597,597,131.0,108.0,58,0
1,296,361,263,308,297,576,597,597,131.0,108.0,58,0
0,0,0,0,0,0,0,597,597,131.0,108.0,58,0
0,0,3,564,23,580,518,597,597,131.0,108.0,58,0
0,592,55,1,67,324,352,597,597,131.0,108.0,58,0
306,50,0,594,296,0,0,597,597,131.0,108.0,58,0
580,0,2,566,0,34,0,597,597,131.0,108.0,58,0
50,134,2,8,9,279,136,597,597,131.0,108.0,58,0
0,0,0,0,18,0,2,597,597,131.0,108.0,58,0
0,0,0,0,0,0,100,597,597,131.0,108.0,58,0
120,0,0,100,0,0,0,597,597,131.0,108.0,58,0
22,50,0,2,0,64,548,597,597,131.0,108.0,58,0
102,4,256,580,0,0,0,597,597,131.0,108.0,58,0
0,352,0,20,0,7,520,597,597,131.0,108.0,58,0
0,8,583,22,292,297,545,597,597,131.0,108.0,58,0
0,0,0,0,0,0,0,597,597,131.0,108.0,58,0
49,100,0,0,3,530,296,597,597,131.0,108.0,58,0
311,548,17,16,0,0,296,597,597,131.0,108.0,58,0
4,4,294,49,402,33,102,597,597,131.0,108.0,58,0
324,101,345,98,597,375,150,597,597,131.0,108.0,58,0
0,0,0,0,0,0,0,597,597,131.0,108.0,58,0
0,0,0,0,0,0,0,597,597,131.0,108.0,58,0
0,592,55,1,67,324,352,597,597,131.0,108.0,58,0
99,597,296,0,0,18,324,597,597,131.0,108.0,58,0
0,0,0,0,2,0,36,597,597,131.0,108.0,58,0
291,49,391,375,277,361,70,597,597,131.0,108.0,58,0
1,323,409,409,344,259,342,597,597,131.0,108.0,58,0
50,134,2,8,9,279,136,597,597,131.0,108.0,58,0
116,4,256,579,0,0,0,597,597,131.0,108.0,58,0
0,0,0,0,0,0,0,597,597,131.0,108.0,58,0
22,118,103,64,0,22,86,597,597,131.0,108.0,58,0
0,338,0,20,100,7,520,597,597,131.0,108.0,58,0
6,5,104,22,0,1,562,597,597,131.0,108.0,58,0
0,0,0,0,0,0,4,597,597,131.0,108.0,58,0
0,8,3,561,512,0,0,597,597,131.0,108.0,58,0
120,3,352,0,99,569,583,597,597,131.0,108.0,58,0
49,100,0,0,3,517,0,597,597,131.0,108.0,58,0
547,520,0,289,548,0,40,597,597,131.0,108.0,58,0
324,101,345,98,597,327,150,597,597,131.0,108.0,58,0
311,548,17,16,0,0,296,597,597,131.0,108.0,58,0
295,512,2,1,113,518,288,597,597,131.0,108.0,58,0
0,0,3,344,8,0,0,597,597,131.0,108.0,58,0
1,150,361,263,308,297,576,597,597,131.0,108.0,58,0
0,0,0,0,0,0,0,597,597,131.0,108.0,58,0
0,0,3,564,23,580,518,597,597,131.0,108.0,58,0
0,592,55,1,67,324,352,597,597,131.0,108.0,58,0
0,0,3,596,296,64,296,597,597,131.0,108.0,58,0
306,50,0,593,296,0,1,597,597,131.0,108.0,58,0
579,0,2,566,0,36,0,597,597,131.0,108.0,58,0
340,1,2,4,375,2,100,597,597,131.0,108.0,58,0
50,134,2,8,9,279,136,597,597,131.0,108.0,58,0
36,19,100,100,0,1,36,597,597,131.0,108.0,58,0
0,0,25,3,321,0,0,597,597,131.0,108.0,58,0
0,0,0,0,18,0,2,597,597,127.0,101.0,53,0
132,288,339,101,291,324,48,597,597,127.0,101.0,53,0
54,321,402,576,307,72,0,597,597,127.0,101.0,53,0
22,150,534,0,0,0,8,597,597,127.0,101.0,53,0
32,50,0,2,0,64,548,597,597,127.0,101.0,53,0
130,4,256,578,0,0,0,597,597,127.0,101.0,53,0
0,324,0,20,296,7,520,597,597,127.0,101.0,53,0
49,100,0,0,3,400,0,597,597,127.0,101.0,53,0
4,4,294,49,402,33,102,597,597,127.0,101.0,53,0
324,101,345,98,597,279,150,597,597,127.0,101.0,53,0
311,548,17,16,0,0,296,597,597,127.0,101.0,53,0
0,0,0,0,0,0,0,597,597,127.0,101.0,53,0
0,16,581,22,292,297,545,597,597,127.0,101.0,53,0
0,0,0,0,0,0,0,597,597,127.0,101.0,53,0
0,0,0,0,0,0,0,597,597,127.0,101.0,53,0
5,2,404,96,281,100,297,597,597,127.0,101.0,53,0
0,105,320,294,296,24,352,597,597,127.0,101.0,53,0
0,592,55,1,67,324,352,597,597,127.0,101.0,53,0
0,274,0,0,0,0,0,597,597,127.0,101.0,53,0
1,100,304,311,390,16,4,597,597,127.0,101.0,53,0
0,0,293,0,0,100,352,597,597,127.0,101.0,53,0
1,0,0,5,0,0,0,597,597,127.0,101.0,53,0
100,130,281,324,0,0,0,597,597,127.0,101.0,53,0
0,8,0,0,0,1,104,597,597,127.0,101.0,53,0
0,4,0,65,0,0,0,597,597,127.0,101.0,53,0
4,150,114,65,49,385,36,597,597,127.0,101.0,53,0
1,33,304,19,2,582,117,597,597,127.0,101.0,53,0
2,296,296,72,54,5,296,597,597,127.0,101.0,53,0
0,2,310,100,132,0,1,597,597,127.0,101.0,53,0
50,134,2,8,9,279,130,597,597,127.0,101.0,53,0
0,0,0,0,0,0,100,597,597,127.0,101.0,53,0
0,0,0,0,0,0,0,597,597,127.0,101.0,53,0
144,4,256,577,0,0,0,597,597,127.0,101.0,53,0
0,310,0,20,402,7,520,597,597,127.0,101.0,53,0
291,49,392,72,278,65,70,597,597,127.0,101.0,53,0
0,0,0,0,0,0,4,597,597,127.0,101.0,53,0
0,8,3,561,512,0,0,597,597,127.0,101.0,53,0
120,3,352,0,99,569,583,597,597,127.0,101.0,53,0
547,520,0,289,260,0,40,597,597,127.0,101.0,53,0
49,100,0,0,3,400,0,597,597,127.0,101.0,53,0
324,101,345,98,597,135,150,597,597,127.0,101.0,53,0
311,548,17,16,0,0,296,597,597,127.0,101.0,53,0
295,512,2,1,113,518,288,597,597,127.0,101.0,53,0
0,0,3,336,310,0,0,597,597,127.0,101.0,53,0
1,402,361,263,308,297,576,597,597,127.0,101.0,53,0
0,0,0,0,0,0,0,597,597,127.0,101.0,53,0
0,0,3,564,23,580,518,597,597,127.0,101.0,53,0
0,592,55,1,67,324,352,597,597,127.0,101.0,53,0
0,0,0,0,0,0,0,597,597,127.0,101.0,53,0
306,50,0,592,296,0,2,597,597,127.0,101.0,53,0
0,100,0,0,324,23,147,597,597,127.0,101.0,53,0
578,0,2,566,0,38,0,597,597,127.0,101.0,53,0
23,16,130,55,5,513,310,597,597,127.0,101.0,53,0
50,134,2,8,9,279,130,597,597,127.0,101.0,53,0
0,0,0,0,18,0,2,597,597,127.0,101.0,53,0
120,0,0,100,0,0,0,597,597,127.0,101.0,53,0
36,50,0,2,0,64,548,597,597,127.0,101.0,53,0
152,4,256,576,0,0,0,597,597,127.0,101.0,53,0
0,296,0,21,0,7,520,597,597,127.0,101.0,53,0
0,18,579,22,292,297,545,597,597,127.0,101.0,53,0
0,0,0,0,0,0,0,597,597,127.0,101.0,53,0
0,4,50,360,1,0,50,597,597,127.0,101.0,53,0
49,100,0,0,3,386,296,597,597,127.0,101.0,53,0
311,548,17,16,0,0,296,597,597,127.0,101.0,53,0
4,4,294,49,402,33,102,597,597,127.0,101.0,53,0
324,101,345,98,597,87,150,597,597,127.0,101.0,53,0
0,0,0,0,0,0,0,597,597,127.0,101.0,53,0
0,0,0,0,0,0,0,597,597,127.0,101.0,53,0
0,592,55,1,67,324,352,597,597,127.0,101.0,53,0
0,64,0,0,0,0,0,597,597,127.0,101.0,53,0
22,0,0,103,308,72,0,597,597,127.0,101.0,53,0
24,39,0,0,0,136,0,597,597,127.0,101.0,53,0
50,134,2,8,9,279,130,597,597,127.0,101.0,53,0
262,4,256,569,0,0,0,597,597,127.0,101.0,53,0
0,0,0,0,0,0,0,597,597,127.0,101.0,53,0
0,288,0,21,100,7,520,597,597,127.0,101.0,53,0
6,5,104,22,0,1,562,597,597,127.0,101.0,53,0
0,0,0,0,0,0,4,597,597,127.0,101.0,53,0
0,8,3,561,512,0,0,597,597,127.0,101.0,53,0
120,3,352,0,99,569,597,597,597,127.0,101.0,53,0
547,520,0,288,576,0,40,597,597,127.0,101.0,53,0
49,100,0,0,3,359,296,597,597,127.0,101.0,53,0
324,101,345,98,597,39,150,597,597,127.0,101.0,53,0
311,548,17,16,0,0,296,597,597,127.0,101.0,53,0
295,512,2,1,113,518,288,597,597,127.0,101.0,53,0
0,0,3,323,8,0,0,597,597,127.0,101.0,53,0
1,0,361,263,308,297,576,597,597,127.0,101.0,53,0
0,0,0,0,0,0,0,597,597,127.0,101.0,53,0
0,0,3,564,23,580,518,597,597,127.0,101.0,53,0
0,592,55,1,67,324,352,597,597,127.0,101.0,53,0
306,50,0,585,296,0,3,597,597,127.0,101.0,53,0
296,0,0,0,0,0,0,597,597,127.0,101.0,53,0
577,0,2,566,0,40,0,597,597,127.0,101.0,53,0
36,2,274,0,0,0,0,597,597,127.0,101.0,53,0
291,49,391,274,278,563,70,597,597,127.0,101.0,53,0
50,134,2,8,9,279,136,597,597,127.0,101.0,53,0
0,0,0,0,18,0,2,597,597,127.0,101.0,53,0
0,0,0,0,0,0,100,597,597,127.0,101.0,53,0
120,0,0,100,0,0,0,597,597,127.0,101.0,53,0
40,50,0,2,0,64,548,597,597,127.0,101.0,53,0
276,4,256,568,0,0,0,597,597,127.0,101.0,53,0
0,274,0,21,296,7,520,597,597,127.0,101.0,53,0
0,20,577,22,292,297,545,597,597,127.0,101.0,53,0
0,0,0,0,0,0,0,597,597,127.0,101.0,53,0
49,100,0,0,3,359,296,597,597,127.0,101.0,53,0
311,548,17,16,0,0,296,597,597,127.0,101.0,53,0
4,4,294,49,402,33,102,597,597,127.0,101.0,53,0
324,101,345,98,596,595,150,597,597,127.0,101.0,53,0
0,0,0,0,0,0,0,597,597,127.0,101.0,53,0
0,0,0,0,0,0,0,597,597,127.0,101.0,53,0
0,592,55,1,67,324,352,597,597,127.0,101.0,53,0
4,0,0,0,0,4,0,597,597,127.0,101.0,53,0
100,547,576,50,402,96,150,597,597,127.0,101.0,53,0
50,134,2,8,9,279,136,597,597,127.0,101.0,53,0
290,4,256,567,0,0,0,597,597,127.0,101.0,53,0
0,0,0,0,0,0,0,597,597,127.0,101.0,53,0
0,260,0,21,402,7,520,597,597,127.0,101.0,53,0
0,22,0,50,0,0,50,597,597,127.0,101.0,53,0
0,8,0,0,0,1,112,597,597,127.0,101.0,53,0
0,0,0,0,0,0,4,597,597,127.0,101.0,53,0
0,8,3,561,512,0,0,597,597,127.0,101.0,53,0
120,3,352,0,99,569,597,597,597,127.0,101.0,53,0
547,520,0,288,288,0,40,597,597,127.0,101.0,53,0
49,100,0,0,4,22,296,597,597,127.0,101.0,53,0
324,101,345,98,596,547,150,597,597,127.0,101.0,53,0
311,548,17,16,0,0,296,597,597,127.0,101.0,53,0
295,512,2,1,113,518,288,597,597,127.0,101.0,53,0
0,0,3,309,310,0,0,597,597,127.0,101.0,53,0
1,100,361,263,308,297,576,597,597,127.0,101.0,53,0
0,0,0,0,0,0,0,597,597,127.0,101.0,53,0
0,0,3,564,23,580,518,597,597,127.0,101.0,53,0
0,592,55,1,67,324,352,597,597,127.0,101.0,53,0
306,50,0,584,296,0,4,597,597,127.0,101.0,53,0
576,0,2,566,0,48,0,597,597,127.0,101.0,53,0
50,134,2,8,9,279,130,597,597,127.0,101.0,53,0
0,0,0,0,18,0,2,597,597,127.0,101.0,53,0
120,0,0,100,0,0,0,597,597,127.0,101.0,53,0
0,50,0,2,0,64,548,597,597,127.0,101.0,53,0
2,4,256,594,0,0,0,597,597,127.0,101.0,53,0
0,548,0,18,0,7,520,597,597,127.0,101.0,53,0
0,0,597,22,292,297,545,597,597,127.0,101.0,53,0
0,0,0,0,0,0,0,597,597,127.0,101.0,53,0
291,49,391,273,581,261,70,597,597,127.0,101.0,53,0
49,100,0,0,4,22,296,597,597,127.0,101.0,53,0
311,548,17,16,0,0,296,597,597,127.0,101.0,53,0
4,4,294,49,402,33,102,597,597,127.0,101.0,53,0
324,101,345,98,548,353,150,597,597,127.0,101.0,53,0
0,0,0,0,0,0,0,597,597,127.0,101.0,53,0
0,0,0,0,0,0,0,597,597,127.0,101.0,53,0
0,592,55,1,67,324,352,597,597,127.0,101.0,53,0
0,84,296,0,0,0,0,597,597,127.0,101.0,53,0
0,2,0,296,0,0,0,597,597,127.0,101.0,53,0
23,16,130,65,6,115,310,597,597,127.0,101.0,53,0
50,134,2,8,9,279,130,597,597,127.0,101.0,53,0
0,0,0,0,0,0,100,597,597,127.0,101.0,53,0
0,0,0,0,0,0,0,597,597,127.0,101.0,53,0
16,4,256,593,0,0,0,597,597,127.0,101.0,53,0
0,534,0,18,100,7,520,597,597,127.0,101.0,53,0
6,5,104,22,0,1,562,597,597,127.0,101.0,53,0
64,297,375,311,409,584,403,597,597,127.0,101.0,53,0
0,4,50,360,1,0,50,597,597,127.0,101.0,53,0
0,0,0,0,0,0,4,597,597,127.0,101.0,53,0
0,8,3,561,512,0,0,597,597,127.0,101.0,53,0
120,3,352,0,99,569,597,597,597,127.0,101.0,53,0
547,520,0,295,296,0,40,597,597,127.0,101.0,53,0
49,100,0,0,4,9,0,597,597,127.0,101.0,53,0
324,101,345,98,548,305,150,597,597,127.0,101.0,53,0
311,548,17,16,0,0,296,597,597,127.0,101.0,53,0
295,512,2,1,113,518,288,597,597,127.0,101.0,53,0
0,0,3,584,8,0,0,597,597,127.0,101.0,53,0
1,352,361,263,308,297,576,597,597,127.0,101.0,53,0
0,0,0,0,0,0,0,597,597,127.0,101.0,53,0
0,0,3,564,23,580,518,597,597,127.0,101.0,53,0
0,592,55,1,67,324,352,597,597,127.0,101.0,53,0
306,50,0,583,296,0,5,597,597,127.0,101.0,53,0
324,393,104,353,153,560,100,597,597,127.0,101.0,53,0
597,0,2,566,0,0,0,597,597,127.0,101.0,53,0
50,134,2,8,9,279,130,597,597,127.0,101.0,53,0
0,0,0,0,18,0,2,597,597,127.0,101.0,53,0
120,0,0,100,0,0,0,597,597,127.0,101.0,53,0
4,50,0,2,0,64,548,597,597,127.0,101.0,53,0
24,4,256,592,0,0,0,597,597,127.0,101.0,53,0
0,520,0,18,296,7,520,597,597,127.0,101.0,53,0
0,2,595,22,292,297,545,597,597,127.0,101.0,53,0
0,0,0,0,0,0,0,597,597,127.0,101.0,53,0
49,100,0,0,3,592,0,597,597,127.0,101.0,53,0
311,548,17,16,0,0,296,597,597,127.0,101.0,53,0
4,4,294,49,402,33,102,597,597,127.0,101.0,53,0
324,101,345,98,548,257,150,597,597,127.0,101.0,53,0
0,0,0,0,0,0,0,597,597,127.0,101.0,53,0
0,0,0,0,0,0,0,597,597,127.0,101.0,53,0
0,592,55,1,67,324,352,597,597,127.0,101.0,53,0
99,597,296,0,0,18,324,597,597,127.0,101.0,53,0
0,0,0,0,2,0,36,597,597,127.0,101.0,53,0
291,49,391,568,386,65,70,597,597,127.0,101.0,53,0
50,134,2,8,9,279,130,597,597,127.0,101.0,53,0
38,4,256,585,0,0,0,597,597,127.0,101.0,53,0
0,0,0,0,0,0,0,597,597,127.0,101.0,53,0
0,512,0,18,402,7,520,597,597,127.0,101.0,53,0
1,373,409,513,48,117,374,597,597,127.0,101.0,53,0
0,0,0,0,0,0,4,597,597,127.0,101.0,53,0
0,8,3,561,512,0,0,597,597,127.0,101.0,53,0
120,3,352,0,99,569,597,597,597,127.0,101.0,53,0
49,100,0,0,3,592,0,597,597,127.0,101.0,53,0
547,520,0,295,8,0,40,597,597,127.0,101.0,53,0
324,101,345,98,548,113,150,597,597,127.0,101.0,53,0
311,548,17,16,0,0,296,597,597,127.0,101.0,53,0
295,512,2,1,113,518,288,597,597,127.0,101.0,53,0
0,0,3,576,310,0,0,597,597,127.0,101.0,53,0
2,50,361,263,308,297,576,597,597,127.0,101.0,53,0
0,0,0,0,0,0,0,597,597,127.0,101.0,53,0
0,0,3,564,23,580,518,597,597,127.0,101.0,53,0
0,592,55,1,67,324,352,597,597,127.0,101.0,53,0
0,0,3,596,296,65,296,597,597,127.0,101.0,53,0
306,50,0,582,296,0,6,597,597,127.0,101.0,53,0
596,0,2,566,0,2,0,597,597,127.0,101.0,53,0
50,134,2,8,9,279,136,597,597,127.0,101.0,53,0
340,1,2,4,375,2,100,597,597,127.0,101.0,53,0
0,0,25,3,321,0,0,597,597,127.0,101.0,53,0
0,0,0,0,18,0,2,597,597,127.0,101.0,53,0
0,0,0,0,0,0,100,597,597,127.0,101.0,53,0
132,288,339,101,291,324,48,597,597,127.0,101.0,53,0
54,321,402,576,307,72,0,597,597,127.0,101.0,53,0
22,150,534,0,0,0,8,597,597,127.0,101.0,53,0
8,50,0,2,0,64,548,597,597,127.0,101.0,53,0
52,4,256,584,0,0,0,597,597,127.0,101.0,53,0
49,100,0,0,3,578,296,597,597,127.0,101.0,53,0
311,548,17,16,0,0,296,597,597,127.0,101.0,53,0
4,4,294,49,402,33,102,597,597,127.0,101.0,53,0
0,0,0,0,0,0,0,597,597,127.0,101.0,53,0
324,101,345,98,548,65,150,597,597,127.0,101.0,53,0
0,402,0,19,0,7,520,597,597,127.0,101.0,53,0
0,4,593,22,292,297,545,597,597,127.0,101.0,53,0
0,0,0,0,0,0,0,597,597,127.0,101.0,53,0
0,0,0,0,0,0,0,597,597,127.0,101.0,53,0
36,19,100,100,0,1,36,597,597,127.0,101.0,53,0
5,2,404,96,281,100,297,597,597,127.0,101.0,53,0
0,105,320,294,296,23,352,597,597,127.0,101.0,53,0
0,7,133,274,387,136,50,597,597,127.0,101.0,53,0
0,592,55,1,67,324,352,597,597,127.0,101.0,53,0
0,274,0,0,0,0,0,597,597,127.0,101.0,53,0
0,0,293,0,0,100,352,597,597,127.0,101.0,53,0
1,0,0,5,0,0,0,597,597,127.0,101.0,53,0
0,4,0,65,0,0,0,597,597,127.0,101.0,53,0
100,130,281,324,0,0,0,597,597,127.0,101.0,53,0
4,548,136,65,49,385,36,597,597,127.0,101.0,53,0
1,33,304,19,2,582,117,597,597,127.0,101.0,53,0
2,304,296,72,54,5,296,597,597,127.0,101.0,53,0
0,8,0,0,0,1,112,597,597,127.0,101.0,53,0
50,134,2,8,9,279,130,597,597,127.0,101.0,53,0
66,4,256,583,0,0,0,597,597,127.0,101.0,53,0
0,0,0,0,0,0,0,597,597,127.0,101.0,53,0
0,388,0,19,100,7,520,597,597,127.0,101.0,53,0
6,5,104,22,0,1,562,597,597,127.0,101.0,53,0
291,49,391,372,280,361,70,597,597,127.0,101.0,53,0
0,0,0,0,0,0,4,597,597,127.0,101.0,53,0
0,8,3,561,512,0,0,597,597,127.0,101.0,53,0
120,3,352,0,99,569,597,597,597,127.0,101.0,53,0
49,100,0,0,3,551,296,597,597,127.0,101.0,53,0
547,520,0,294,324,0,40,597,597,127.0,101.0,53,0
324,101,345,98,548,17,150,597,597,127.0,101.0,53,0
311,548,17,16,0,0,296,597,597,127.0,101.0,53,0
295,512,2,1,113,518,288,597,597,127.0,101.0,53,0
0,0,3,563,8,0,0,597,597,127.0,101.0,53,0
2,50,361,263,308,297,576,597,597,127.0,101.0,53,0
0,0,0,0,0,0,0,597,597,127.0,101.0,53,0
0,0,3,564,23,580,518,597,597,127.0,101.0,53,0
0,592,55,1,67,324,352,597,597,127.0,101.0,53,0
0,0,0,0,0,0,0,597,597,127.0,101.0,53,0
306,50,0,581,296,0,7,597,597,127.0,101.0,53,0
0,100,0,0,324,22,148,597,597,127.0,101.0,53,0
595,0,2,566,0,4,0,597,597,127.0,101.0,53,0
23,16,130,55,5,514,8,597,597,127.0,101.0,53,0
50,134,2,8,9,279,116,597,597,127.0,101.0,53,0
0,0,0,0,18,0,2,597,597,127.0,101.0,53,0
120,0,0,100,0,0,0,597,597,127.0,101.0,53,0
18,50,0,2,0,64,548,597,597,127.0,101.0,53,0
80,4,256,582,0,0,0,597,597,127.0,101.0,53,0
0,374,0,19,296,7,520,597,597,127.0,101.0,53,0
0,6,585,22,292,297,545,597,597,127.0,101.0,53,0
0,0,0,0,0,0,0,597,597,127.0,101.0,53,0
0,4,50,360,1,0,50,597,597,127.0,101.0,53,0
49,100,0,0,3,551,296,597,597,127.0,101.0,53,0
311,548,17,16,0,0,296,597,597,127.0,101.0,53,0
4,4,294,49,402,33,102,597,597,127.0,101.0,53,0
324,101,345,98,597,567,150,597,597,127.0,101.0,53,0
0,0,0,0,0,0,0,597,597,127.0,101.0,53,0
0,0,0,0,0,0,0,597,597,127.0,101.0,53,0
0,592,55,1,67,324,352,597,597,127.0,101.0,53,0
0,72,0,0,0,0,0,597,597,127.0,101.0,53,0
24,39,0,0,0,136,0,597,597,127.0,101.0,53,0
50,134,2,8,9,279,148,597,597,127.0,101.0,53,0
0,0,0,0,0,0,100,597,597,127.0,101.0,53,0
0,0,0,0,0,0,0,597,597,127.0,101.0,53,0
88,4,256,581,0,0,0,597,597,127.0,101.0,53,0
0,360,0,19,402,7,520,597,597,127.0,101.0,53,0
0,0,0,0,0,0,4,597,597,127.0,101.0,53,0
0,8,3,561,512,0,0,597,597,127.0,101.0,53,0
120,3,352,0,99,519,597,597,597,127.0,101.0,53,0
547,520,0,294,36,0,40,597,597,127.0,101.0,53,0
49,100,0,0,3,530,296,597,597,127.0,101.0,53,0
324,101,345,98,597,519,150,597,597,127.0,101.0,53,0
311,548,17,16,0,0,296,597,597,127.0,101.0,53,0
295,512,2,1,113,518,288,597,597,127.0,101.0,53,0
0,0,3,549,310,0,0,597,597,127.0,101.0,53,0
2,0,361,263,308,297,576,597,597,127.0,101.0,53,0
0,0,0,0,0,0,0,597,597,127.0,101.0,53,0
0,0,3,564,23,580,518,597,597,127.0,101.0,53,0
0,592,55,1,67,324,352,597,597,127.0,101.0,53,0
306,50,0,580,296,0,8,597,597,127.0,101.0,53,0
16,408,119,4,149,405,21,597,597,127.0,101.0,53,0
594,0,2,566,0,6,0,597,597,127.0,101.0,53,0
291,49,392,69,85,261,70,597,597,127.0,101.0,53,0
50,134,2,8,9,279,136,597,597,127.0,101.0,53,0
0,0,0,0,18,0,2,597,597,127.0,101.0,53,0
120,0,0,100,0,0,0,597,597,127.0,101.0,53,0
22,50,0,2,0,64,548,597,597,127.0,101.0,53,0
102,4,256,580,0,0,0,597,597,127.0,101.0,53,0
0,352,0,20,0,7,520,597,597,127.0,101.0,53,0
0,8,583,22,292,297,545,597,597,127.0,101.0,53,0
0,0,0,0,0,0,0,597,597,127.0,101.0,53,0
49,100,0,0,3,530,296,597,597,127.0,101.0,53,0
311,548,17,16,0,0,296,597,597,127.0,101.0,53,0
4,4,294,49,402,33,102,597,597,127.0,101.0,53,0
324,101,345,98,597,375,150,597,597,127.0,101.0,53,0
0,0,0,0,0,0,0,597,597,127.0,101.0,53,0
0,0,0,0,0,0,0,597,597,127.0,101.0,53,0
0,592,55,1,67,324,352,597,597,127.0,101.0,53,0
4,0,0,0,0,4,0,597,597,127.0,101.0,53,0
100,547,576,50,402,96,150,597,597,127.0,101.0,53,0
20,0,21,368,41,82,0,597,597,127.0,101.0,53,0
50,134,2,8,9,279,130,597,597,127.0,101.0,53,0
116,4,256,579,0,0,0,597,597,127.0,101.0,53,0
0,338,0,20,100,7,520,597,597,127.0,101.0,53,0
0,22,0,50,0,0,50,597,597,127.0,101.0,53,0
0,0,0,0,0,0,0,597,597,127.0,101.0,53,0
6,5,104,22,0,1,562,597,597,127.0,101.0,53,0
0,8,0,0,0,1,112,597,597,127.0,101.0,53,0
0,0,0,0,0,0,4,597,597,127.0,101.0,53,0
0,8,3,561,512,0,0,597,597,127.0,101.0,53,0
120,3,352,0,99,519,597,597,597,127.0,101.0,53,0
547,520,0,293,352,0,40,597,597,127.0,101.0,53,0
49,100,0,0,3,517,0,597,597,127.0,101.0,53,0
324,101,345,98,597,327,150,597,597,127.0,101.0,53,0
311,548,17,16,0,0,296,597,597,127.0,101.0,53,0
295,512,2,1,113,518,288,597,597,127.0,101.0,53,0
0,0,3,536,8,0,0,597,597,127.0,101.0,53,0
2,0,361,263,308,297,576,597,597,127.0,101.0,53,0
0,0,0,0,0,0,0,597,597,127.0,101.0,53,0
0,0,3,564,23,580,518,597,597,127.0,101.0,53,0
0,592,55,1,67,324,352,597,597,127.0,101.0,53,0
306,50,0,579,296,0,9,597,597,127.0,101.0,53,0
0,0,0,0,38,402,0,597,597,127.0,101.0,53,0
50,134,2,8,9,279,136,597,597,127.0,101.0,53,0
0,0,0,0,18,0,2,597,597,127.0,101.0,53,0
0,0,0,0,0,0,100,597,597,127.0,101.0,53,0
120,0,0,100,0,0,0,597,597,127.0,101.0,53,0
32,50,0,2,0,64,548,597,597,127.0,101.0,53,0
130,4,256,578,0,0,0,597,597,127.0,101.0,53,0
0,324,0,20,296,7,520,597,597,127.0,101.0,53,0
0,16,581,22,292,297,545,597,597,127.0,101.0,53,0
0,0,0,0,0,0,0,597,597,127.0,101.0,53,0
291,49,392,68,387,563,70,597,597,127.0,101.0,53,0
49,100,0,0,3,400,0,597,597,127.0,101.0,53,0
311,548,17,16,0,0,296,597,597,127.0,101.0,53,0
4,4,294,49,402,33,102,597,597,127.0,101.0,53,0
324,101,345,98,597,279,150,597,597,127.0,101.0,53,0
0,0,0,0,0,0,0,597,597,127.0,101.0,53,0
0,0,0,0,0,0,0,597,597,127.0,101.0,53,0
0,592,55,1,67,324,352,597,597,127.0,101.0,53,0
0,84,296,0,0,0,0,597,597,127.0,101.0,53,0
0,2,0,296,0,0,0,597,597,127.0,101.0,53,0
23,16,130,67,6,116,8,597,597,127.0,101.0,53,0
50,134,2,8,9,279,136,597,597,127.0,101.0,53,0
144,4,256,577,0,0,0,597,597,127.0,101.0,53,0
0,0,0,0,0,0,0,597,597,127.0,101.0,53,0
0,310,0,20,402,7,520,597,597,127.0,101.0,53,0
0,2,0,2,296,0,0,597,597,127.0,101.0,53,0
50,3,40,4,8,338,520,597,597,127.0,101.0,53,0
0,4,50,360,1,0,50,597,597,127.0,101.0,53,0
0,0,0,0,0,0,4,597,597,127.0,101.0,53,0
0,8,3,561,512,0,0,597,597,127.0,101.0,53,0
120,3,352,0,99,569,583,597,597,127.0,101.0,53,0
547,520,0,293,64,0,40,597,597,127.0,101.0,53,0
49,100,0,0,3,400,0,597,597,127.0,101.0,53,0
324,101,345,98,597,135,150,597,597,127.0,101.0,53,0
311,548,17,16,0,0,296,597,597,127.0,101.0,53,0
295,512,2,1,113,518,288,597,597,127.0,101.0,53,0
0,0,3,528,310,0,0,597,597,127.0,101.0,53,0
2,352,361,263,308,297,576,597,597,127.0,101.0,53,0
0,0,0,0,0,0,0,597,597,127.0,101.0,53,0
0,0,3,564,23,580,518,597,597,127.0,101.0,53,0
0,592,55,1,67,324,352,597,597,127.0,101.0,53,0
22,0,0,103,308,72,0,597,597,127.0,101.0,53,0
306,50,0,578,296,0,16,597,597,127.0,101.0,53,0
8,0,256,0,0,0,0,597,597,127.0,101.0,53,0
592,0,2,566,0,16,0,597,597,127.0,101.0,53,0
50,134,2,8,9,279,136,597,597,127.0,101.0,53,0
0,0,0,0,18,0,2,597,597,127.0,101.0,53,0
120,0,0,100,0,0,0,597,597,127.0,101.0,53,0
36,50,0,2,0,64,548,597,597,126.0,100.0,53,0
152,4,256,576,0,0,0,597,597,126.0,100.0,53,0
0,296,0,21,0,7,520,597,597,126.0,100.0,53,0
0,18,579,22,292,297,545,597,597,126.0,100.0,53,0
0,0,0,0,0,0,0,597,597,126.0,100.0,53,0
49,100,0,0,3,386,296,597,597,126.0,100.0,53,0
311,548,17,16,0,0,296,597,597,126.0,100.0,53,0
4,4,294,49,402,33,102,597,597,126.0,100.0,53,0
324,101,345,98,597,87,150,597,597,126.0,100.0,53,0
0,0,0,0,0,0,0,597,597,126.0,100.0,53,0
0,0,0,0,0,0,0,597,597,126.0,100.0,53,0
0,592,55,1,67,324,352,597,597,126.0,100.0,53,0
99,597,296,0,0,18,324,597,597,126.0,100.0,53,0
0,0,0,0,2,0,36,597,597,126.0,100.0,53,0
291,49,391,566,86,361,70,597,597,126.0,100.0,53,0
50,134,2,8,9,279,136,597,597,126.0,100.0,53,0
0,0,0,0,0,0,100,597,597,126.0,100.0,53,0
0,0,0,0,0,0,0,597,597,126.0,100.0,53,0
262,4,256,569,0,0,0,597,597,126.0,100.0,53,0
0,288,0,21,100,7,520,597,597,126.0,100.0,53,0
6,5,104,22,0,1,562,597,597,126.0,100.0,53,0
0,0,0,0,0,0,4,597,597,126.0,100.0,53,0
0,8,3,561,512,0,0,597,597,126.0,100.0,53,0
120,3,352,0,99,569,597,597,597,126.0,100.0,53,0
547,520,0,292,374,0,40,597,597,126.0,100.0,53,0
49,100,0,0,3,359,296,597,597,126.0,100.0,53,0
324,101,345,98,597,39,150,597,597,126.0,100.0,53,0
311,548,17,16,0,0,296,597,597,126.0,100.0,53,0
295,512,2,1,113,518,288,597,597,126.0,100.0,53,0
0,0,3,515,8,0,0,597,597,126.0,100.0,53,0
2,352,361,263,308,297,576,597,597,126.0,100.0,53,0
0,0,0,0,0,0,0,597,597,126.0,100.0,53,0
0,0,3,564,23,580,518,597,597,126.0,100.0,53,0
0,592,55,1,67,324,352,597,597,126.0,100.0,53,0
0,0,3,596,296,65,296,597,597,126.0,100.0,53,0
306,50,0,577,296,0,17,597,597,126.0,100.0,53,0
585,0,2,566,0,18,0,597,597,126.0,100.0,53,0
1,569,409,409,344,85,408,597,597,126.0,100.0,53,0
50,134,2,8,9,279,136,597,597,126.0,100.0,53,0
340,1,2,4,375,2,100,597,597,126.0,100.0,53,0
0,0,25,3,321,0,0,597,597,126.0,100.0,53,0
0,0,0,0,18,0,2,597,597,126.0,100.0,53,0
120,0,0,100,0,0,0,597,597,126.0,100.0,53,0
132,288,339,101,291,324,48,597,597,126.0,100.0,53,0
54,321,402,576,307,72,0,597,597,126.0,100.0,53,0
22,150,534,0,0,0,8,597,597,126.0,100.0,53,0
40,50,0,2,0,64,548,597,597,126.0,100.0,53,0
276,4,256,568,0,0,0,597,597,126.0,100.0,53,0
49,100,0,0,3,359,296,597,597,126.0,100.0,53,0
311,548,17,16,0,0,296,597,597,126.0,100.0,53,0
4,4,294,49,402,33,102,597,597,126.0,100.0,53,0
324,101,345,98,596,595,150,597,597,126.0,100.0,53,0
0,0,0,0,0,0,0,597,597,126.0,100.0,53,0
0,274,0,21,296,7,520,597,597,126.0,100.0,53,0
0,20,577,22,292,297,545,597,597,126.0,100.0,53,0
0,0,0,0,0,0,0,597,597,126.0,100.0,53,0
0,0,0,0,0,0,0,597,597,126.0,100.0,53,0
36,19,100,100,0,1,36,597,597,126.0,100.0,53,0
5,2,404,96,281,100,297,597,597,126.0,100.0,53,0
0,105,320,294,296,23,352,597,597,126.0,100.0,53,0
0,7,133,128,387,136,50,597,597,126.0,100.0,53,0
0,592,55,1,67,324,352,597,597,126.0,100.0,53,0
0,274,0,0,0,0,0,597,597,126.0,100.0,53,0
1,100,304,311,390,16,4,597,597,126.0,100.0,53,0
0,0,293,0,0,100,352,597,597,126.0,100.0,53,0
1,0,0,5,0,0,0,597,597,126.0,100.0,53,0
100,130,281,324,0,0,0,597,597,126.0,100.0,53,0
1,33,304,19,2,582,117,597,597,126.0,100.0,53,0
2,296,296,72,54,5,296,597,597,126.0,100.0,53,0
0,8,0,0,0,1,112,597,597,126.0,100.0,53,0
50,134,2,8,9,279,130,597,597,126.0,100.0,53,0
290,4,256,567,0,0,0,597,597,126.0,100.0,53,0
0,0,0,0,0,0,0,597,597,126.0,100.0,53,0
0,260,0,21,402,7,520,597,597,126.0,100.0,53,0
291,49,391,565,389,65,70,597,597,126.0,100.0,53,0
0,0,0,0,0,0,4,597,597,126.0,100.0,53,0
0,8,3,561,512,0,0,597,597,126.0,100.0,53,0
120,3,352,0,99,569,583,597,597,126.0,100.0,53,0
547,520,0,292,86,0,40,597,597,126.0,100.0,53,0
49,100,0,0,4,22,296,597,597,126.0,100.0,53,0
324,101,345,98,596,547,150,597,597,126.0,100.0,53,0
311,548,17,16,0,0,296,597,597,126.0,100.0,53,0
295,512,2,1,113,518,288,597,597,126.0,100.0,53,0
0,0,3,405,310,0,0,597,597,126.0,100.0,53,0
2,352,361,263,308,297,576,597,597,126.0,100.0,53,0
0,0,0,0,0,0,0,597,597,126.0,100.0,53,0
0,0,3,564,23,580,518,597,597,126.0,100.0,53,0
0,592,55,1,67,324,352,597,597,126.0,100.0,53,0
0,0,0,0,0,0,0,597,597,126.0,100.0,53,0
306,50,0,576,296,0,18,597,597,126.0,100.0,53,0
0,100,0,0,324,21,149,597,597,126.0,100.0,53,0
584,0,2,566,0,20,0,597,597,126.0,100.0,53,0
23,16,130,53,5,514,8,597,597,126.0,100.0,53,0
50,134,2,8,9,279,130,597,597,126.0,100.0,53,0
0,0,0,0,18,0,2,597,597,126.0,100.0,53,0
0,0,0,0,0,0,100,597,597,126.0,100.0,53,0
120,0,0,100,0,0,0,597,597,126.0,100.0,53,0
0,50,0,2,0,64,548,597,597,126.0,100.0,53,0
2,4,256,594,0,0,0,597,597,126.0,100.0,53,0
0,548,0,18,0,7,520,597,597,126.0,100.0,53,0
0,0,597,22,292,297,545,597,597,126.0,100.0,53,0
0,0,0,0,0,0,0,597,597,126.0,100.0,53,0
0,4,50,360,1,0,50,597,597,126.0,100.0,53,0
49,100,0,0,4,22,296,597,597,126.0,100.0,53,0
311,548,17,16,0,0,296,597,597,126.0,100.0,53,0
4,4,294,49,402,33,102,597,597,126.0,100.0,53,0
324,101,345,98,548,353,150,597,597,126.0,100.0,53,0
0,0,0,0,0,0,0,597,597,126.0,100.0,53,0
0,0,0,0,0,0,0,597,597,126.0,100.0,53,0
0,592,55,1,67,324,352,597,597,126.0,100.0,53,0
0,86,0,0,0,0,0,597,597,126.0,100.0,53,0
24,39,0,0,0,136,0,597,597,126.0,100.0,53,0
50,134,2,8,9,279,130,597,597,126.0,100.0,53,0
16,4,256,593,0,0,0,597,597,126.0,100.0,53,0
0,0,0,0,0,0,0,597,597,126.0,100.0,53,0
0,534,0,18,100,7,520,597,597,126.0,100.0,53,0
6,6,4,22,0,1,562,597,597,126.0,100.0,53,0
98,41,100,3,339,520,0,597,597,126.0,100.0,53,0
0,0,0,0,0,0,4,597,597,126.0,100.0,53,0
0,8,3,561,512,0,0,597,597,126.0,100.0,53,0
120,3,352,0,99,569,583,597,597,126.0,100.0,53,0
547,520,0,291,402,0,40,597,597,126.0,100.0,53,0
49,100,0,0,4,9,0,597,597,126.0,100.0,53,0
324,101,345,98,548,305,150,597,597,126.0,100.0,53,0
311,548,17,16,0,0,296,597,597,126.0,100.0,53,0
295,512,2,1,113,518,288,597,597,126.0,100.0,53,0
0,0,3,392,8,0,0,597,597,126.0,100.0,53,0
2,352,361,263,308,297,576,597,597,126.0,100.0,53,0
0,0,0,0,0,0,0,597,597,126.0,100.0,53,0
0,0,3,564,23,580,518,597,597,126.0,100.0,53,0
0,592,55,1,67,324,352,597,597,126.0,100.0,53,0
306,50,0,569,296,0,19,597,597,126.0,100.0,53,0
296,0,0,0,0,0,0,597,597,126.0,100.0,53,0
583,0,2,566,0,22,0,597,597,126.0,100.0,53,0
36,2,274,0,0,0,0,597,597,126.0,100.0,53,0
291,49,391,369,87,563,70,597,597,126.0,100.0,53,0
50,134,2,8,9,279,130,597,597,126.0,100.0,53,0
0,0,0,0,18,0,2,597,597,126.0,100.0,53,0
120,0,0,100,0,0,0,597,597,126.0,100.0,53,0
4,50,0,2,0,64,548,597,597,126.0,100.0,53,0
24,4,256,592,0,0,0,597,597,126.0,100.0,53,0
0,520,0,18,296,7,520,597,597,126.0,100.0,53,0
0,2,595,22,292,297,545,597,597,126.0,100.0,53,0
0,0,0,0,0,0,0,597,597,126.0,100.0,53,0
49,100,0,0,3,592,0,597,597,126.0,100.0,53,0
311,548,17,16,0,0,296,597,597,126.0,100.0,53,0
4,4,294,49,402,33,102,597,597,126.0,100.0,53,0
0,0,0,0,0,0,0,597,597,126.0,100.0,53,0
324,101,345,98,548,257,150,597,597,126.0,100.0,53,0
0,0,0,0,0,0,0,597,597,126.0,100.0,53,0
0,592,55,1,67,324,352,597,597,126.0,100.0,53,0
4,0,0,0,0,4,0,597,597,126.0,100.0,53,0
100,547,576,50,402,96,150,597,597,126.0,100.0,53,0
50,134,2,8,9,279,130,597,597,126.0,100.0,53,0
0,0,0,0,0,0,100,597,597,126.0,100.0,53,0
0,0,0,0,0,0,0,597,597,126.0,100.0,53,0
38,4,256,585,0,0,0,597,597,126.0,100.0,53,0
0,512,0,18,402,7,520,597,597,126.0,100.0,53,0
0,22,0,50,0,0,50,597,597,126.0,100.0,53,0
0,8,0,0,0,1,112,597,597,126.0,100.0,53,0
0,0,0,0,0,0,4,597,597,126.0,100.0,53,0
0,8,3,561,512,0,0,597,597,126.0,100.0,53,0
120,3,352,0,99,569,597,597,597,126.0,100.0,53,0
547,520,0,291,114,0,40,597,597,126.0,100.0,53,0
49,100,0,0,3,592,0,597,597,126.0,100.0,53,0
324,101,345,98,548,113,150,597,597,126.0,100.0,53,0
311,548,17,16,0,0,296,597,597,126.0,100.0,53,0
295,512,2,1,113,518,288,597,597,126.0,100.0,53,0
0,0,3,384,310,0,0,597,597,126.0,100.0,53,0
3,352,361,263,308,297,576,597,597,126.0,100.0,53,0
0,0,0,0,0,0,0,597,597,126.0,100.0,53,0
0,0,3,564,23,580,518,597,597,126.0,100.0,53,0
0,592,55,1,67,324,352,597,597,126.0,100.0,53,0
306,50,0,568,296,0,20,597,597,126.0,100.0,53,0
582,0,2,566,0,24,0,597,597,126.0,100.0,53,0
50,134,2,8,9,279,130,597,597,126.0,100.0,53,0
0,0,0,0,18,0,2,597,597,126.0,100.0,53,0
120,0,0,100,0,0,0,597,597,126.0,100.0,53,0
8,50,0,2,0,64,548,597,597,126.0,100.0,53,0
52,4,256,584,0,0,0,597,597,126.0,100.0,53,0
0,402,0,19,0,7,520,597,597,126.0,100.0,53,0
0,4,593,22,292,297,545,597,597,126.0,100.0,53,0
0,0,0,0,0,0,0,597,597,126.0,100.0,53,0
291,49,391,564,290,261,70,597,597,126.0,100.0,53,0
49,100,0,0,3,578,296,597,597,126.0,100.0,53,0
311,548,17,16,0,0,296,597,597,126.0,100.0,53,0
4,4,294,49,402,33,102,597,597,126.0,100.0,53,0
324,101,345,98,548,65,150,597,597,126.0,100.0,53,0
0,0,0,0,0,0,0,597,597,126.0,100.0,53,0
0,592,55,1,67,324,352,597,597,126.0,100.0,53,0
0,84,296,0,0,0,0,597,597,126.0,100.0,53,0
0,2,0,296,0,0,0,597,597,126.0,100.0,53,0
23,16,130,41,4,514,8,597,597,126.0,100.0,53,0
50,134,2,8,9,279,136,597,597,126.0,100.0,53,0
66,4,256,583,0,0,0,597,597,126.0,100.0,53,0
0,0,0,0,0,0,0,597,597,126.0,100.0,53,0
0,388,0,19,100,7,520,597,597,126.0,100.0,53,0
23,0,50,0,2,129,22,597,597,126.0,100.0,53,0
65,36,99,1,6,8,1,597,597,126.0,100.0,53,0
0,4,50,360,1,0,50,597,597,126.0,100.0,53,0
0,0,0,0,0,0,4,597,597,126.0,100.0,53,0
0,8,3,561,512,0,0,597,597,126.0,100.0,53,0
120,3,352,0,99,569,597,597,597,126.0,100.0,53,0
547,520,0,290,520,0,40,597,597,126.0,100.0,53,0
49,100,0,0,3,551,296,597,597,126.0,100.0,53,0
324,101,345,98,548,17,150,597,597,126.0,100.0,53,0
311,548,17,16,0,0,296,597,597,126.0,100.0,53,0
295,512,2,1,113,518,288,597,597,126.0,100.0,53,0
0,0,3,371,8,0,0,597,597,126.0,100.0,53,0
3,352,361,263,308,297,576,597,597,126.0,100.0,53,0
0,0,0,0,0,0,0,597,597,126.0,100.0,53,0
0,0,3,564,23,580,518,597,597,126.0,100.0,53,0
0,592,55,1,67,324,352,597,597,126.0,100.0,53,0
306,50,0,567,296,0,21,597,597,126.0,100.0,53,0
581,0,2,566,0,32,0,597,597,126.0,100.0,53,0
50,134,2,8,9,279,130,597,597,126.0,100.0,53,0
0,0,0,0,18,0,2,597,597,126.0,100.0,53,0
0,0,0,0,0,0,100,597,597,126.0,100.0,53,0
120,0,0,100,0,0,0,597,597,126.0,100.0,53,0
18,50,0,2,0,64,548,597,597,126.0,100.0,53,0
80,4,256,582,0,0,0,597,597,126.0,100.0,53,0
0,374,0,19,296,7,520,597,597,126.0,100.0,53,0
0,6,585,22,292,297,545,597,597,126.0,100.0,53,0
0,0,0,0,0,0,0,597,597,126.0,100.0,53,0
49,100,0,0,3,551,296,597,597,126.0,100.0,53,0
311,548,17,16,0,0,296,597,597,126.0,100.0,53,0
4,4,294,49,402,33,102,597,597,126.0,100.0,53,0
324,101,345,98,597,567,150,597,597,126.0,100.0,53,0
0,0,0,0,0,0,0,597,597,126.0,100.0,53,0
0,0,0,0,0,0,0,597,597,126.0,100.0,53,0
0,592,55,1,67,324,352,597,597,126.0,100.0,53,0
99,597,296,0,0,18,324,597,597,126.0,100.0,53,0
0,0,0,0,2,0,36,597,597,126.0,100.0,53,0
291,49,391,563,391,65,70,597,597,126.0,100.0,53,0
50,134,2,8,9,279,130,597,597,126.0,100.0,53,0
88,4,256,581,0,0,0,597,597,126.0,100.0,53,0
0,0,0,0,0,0,0,597,597,126.0,100.0,53,0
0,360,0,19,402,7,520,597,597,126.0,100.0,53,0
0,0,0,0,0,0,4,597,597,126.0,100.0,53,0
0,8,3,561,512,0,0,597,597,126.0,100.0,53,0
120,3,352,0,99,569,597,597,597,126.0,100.0,53,0
547,520,0,290,136,0,40,597,597,126.0,100.0,53,0
49,100,0,0,3,530,296,597,597,126.0,100.0,53,0
324,101,345,98,597,519,150,597,597,126.0,100.0,53,0
311,548,17,16,0,0,296,597,597,126.0,100.0,53,0
295,512,2,1,113,518,288,597,597,126.0,100.0,53,0
0,0,3,357,310,0,0,597,597,126.0,100.0,53,0
3,352,361,263,308,297,576,597,597,126.0,100.0,53,0
0,0,0,0,0,0,0,597,597,126.0,100.0,53,0
0,0,3,564,23,580,518,597,597,126.0,100.0,53,0
0,592,55,1,67,324,352,597,597,126.0,100.0,53,0
0,0,3,596,296,65,0,597,597,126.0,100.0,53,0
306,50,0,594,296,0,0,597,597,126.0,100.0,53,0
580,0,2,566,0,34,0,597,597,126.0,100.0,53,0
50,134,2,8,9,279,130,597,597,126.0,100.0,53,0
340,1,2,4,375,2,100,597,597,126.0,100.0,53,0
0,0,25,3,321,0,0,597,597,126.0,100.0,53,0
0,0,0,0,18,0,2,597,597,126.0,100.0,53,0
120,0,0,100,0,0,0,597,597,126.0,100.0,53,0
132,288,339,101,291,324,48,597,597,126.0,100.0,53,0
54,321,402,576,307,72,0,597,597,126.0,100.0,53,0
1,519,409,513,344,41,536,597,597,126.0,100.0,53,0
22,150,534,0,0,0,8,597,597,126.0,100.0,53,0
22,50,0,2,0,64,548,597,597,126.0,100.0,53,0
49,100,0,0,3,530,296,597,597,126.0,100.0,53,0
4,4,294,49,402,33,102,597,597,126.0,100.0,53,0
311,548,17,16,0,0,296,597,597,126.0,100.0,53,0
324,101,345,98,597,375,150,597,597,126.0,100.0,53,0
0,0,0,0,0,0,0,597,597,126.0,100.0,53,0
102,4,256,580,0,0,0,597,597,126.0,100.0,53,0
0,352,0,20,0,7,520,597,597,126.0,100.0,53,0
0,8,583,22,292,297,545,597,597,126.0,100.0,53,0
0,0,0,0,0,0,0,597,597,126.0,100.0,53,0
0,0,0,0,0,0,0,597,597,126.0,100.0,53,0
36,19,100,100,0,1,36,597,597,126.0,100.0,53,0
5,2,404,96,281,100,297,597,597,126.0,100.0,53,0
0,105,320,294,296,23,352,597,597,126.0,100.0,53,0
0,7,133,72,387,136,50,597,597,126.0,100.0,53,0
0,592,55,1,67,324,352,597,597,126.0,100.0,53,0
0,274,0,0,0,0,0,597,597,126.0,100.0,53,0
1,100,304,311,390,16,4,597,597,126.0,100.0,53,0
0,0,293,0,0,100,352,597,597,126.0,100.0,53,0
0,4,0,65,0,0,0,597,597,126.0,100.0,53,0
1,0,0,5,0,0,0,597,597,126.0,100.0,53,0
100,130,281,324,0,0,0,597,597,126.0,100.0,53,0
4,150,114,65,49,385,36,597,597,126.0,100.0,53,0
1,33,304,19,2,582,117,597,597,126.0,100.0,53,0
6,304,296,72,54,5,296,597,597,126.0,100.0,53,0
0,8,0,0,0,1,112,597,597,126.0,100.0,53,0
50,134,2,8,9,279,136,597,597,126.0,100.0,53,0
0,0,0,0,0,0,100,597,597,126.0,100.0,53,0
0,0,0,0,0,0,0,597,597,126.0,100.0,53,0
0,338,0,20,100,7,520,597,597,126.0,100.0,53,0
6,5,406,22,0,1,562,597,597,126.0,100.0,53,0
291,49,391,361,291,361,70,597,597,126.0,100.0,53,0
0,0,0,0,0,0,4,597,597,126.0,100.0,53,0
0,8,3,561,512,0,0,597,597,126.0,100.0,53,0
120,3,352,0,99,569,597,597,597,126.0,100.0,53,0
547,520,0,289,548,0,40,597,597,126.0,100.0,53,0
49,100,0,0,3,517,0,597,597,126.0,100.0,53,0
324,101,345,98,597,327,150,597,597,126.0,100.0,53,0
311,548,17,16,0,0,296,597,597,126.0,100.0,53,0
295,512,2,1,113,518,288,597,597,126.0,100.0,53,0
0,0,3,344,8,0,0,597,597,126.0,100.0,53,0
3,352,361,263,308,297,576,597,597,126.0,100.0,53,0
0,0,0,0,0,0,0,597,597,126.0,100.0,53,0
0,0,3,564,23,580,518,597,597,126.0,100.0,53,0
0,592,55,1,67,324,352,597,597,126.0,100.0,53,0
0,0,0,0,0,0,0,597,597,126.0,100.0,53,0
306,50,0,593,296,0,1,597,597,126.0,100.0,53,0
23,16,130,57,6,116,8,597,597,126.0,100.0,53,0
50,134,2,8,9,279,136,597,597,126.0,100.0,53,0
0,0,0,0,18,0,2,597,597,126.0,100.0,53,0
120,0,0,100,0,0,0,597,597,126.0,100.0,53,0
32,50,0,2,0,64,548,597,597,126.0,100.0,53,0
130,4,256,578,0,0,0,597,597,126.0,100.0,53,0
0,324,0,20,296,7,520,597,597,126.0,100.0,53,0
0,16,581,22,292,297,545,597,597,126.0,100.0,53,0
0,0,0,0,0,0,0,597,597,126.0,100.0,53,0
0,4,50,360,1,0,50,597,597,126.0,100.0,53,0
49,100,0,0,3,400,0,597,597,126.0,100.0,53,0
311,548,17,16,0,0,296,597,597,126.0,100.0,53,0
4,4,294,49,402,33,102,597,597,126.0,100.0,53,0
324,101,345,98,597,279,150,597,597,126.0,100.0,53,0
0,0,0,0,0,0,0,597,597,126.0,100.0,53,0
0,0,0,0,0,0,0,597,597,126.0,100.0,53,0
0,592,55,1,67,324,352,597,597,126.0,100.0,53,0
0,100,0,0,0,0,0,597,597,126.0,100.0,53,0
22,0,0,103,308,72,0,597,597,126.0,100.0,53,0
24,39,0,0,0,136,0,597,597,126.0,100.0,53,0
50,134,2,8,9,279,136,597,597,126.0,100.0,53,0
144,4,256,577,0,0,0,597,597,126.0,100.0,53,0
0,0,0,0,0,0,0,597,597,126.0,100.0,53,0
0,310,0,20,402,7,520,597,597,126.0,100.0,53,0
0,0,0,0,0,0,4,597,597,126.0,100.0,53,0
0,8,3,561,512,0,0,597,597,126.0,100.0,53,0
120,3,352,0,99,569,597,597,597,126.0,100.0,53,0
547,520,0,289,260,0,40,597,597,126.0,100.0,53,0
49,100,0,0,3,400,0,597,597,126.0,100.0,53,0
324,101,345,98,597,135,150,597,597,126.0,100.0,53,0
311,548,17,16,0,0,296,597,597,126.0,100.0,53,0
295,512,2,1,113,518,288,597,597,126.0,100.0,53,0
0,0,3,336,310,0,0,597,597,126.0,100.0,53,0
3,352,361,263,308,297,576,597,597,126.0,100.0,53,0
0,0,0,0,0,0,0,597,597,126.0,100.0,53,0
0,0,3,564,23,580,518,597,597,126.0,100.0,53,0
0,592,55,1,67,324,352,597,597,126.0,100.0,53,0
306,50,0,592,296,0,2,597,597,126.0,100.0,53,0
578,0,2,566,0,38,0,597,597,126.0,100.0,53,0
291,49,391,562,292,261,70,597,597,126.0,100.0,53,0
50,134,2,8,9,279,130,597,597,126.0,100.0,53,0
0,0,0,0,18,0,2,597,597,126.0,100.0,53,0
0,0,0,0,0,0,100,597,597,126.0,100.0,53,0
120,0,0,100,0,0,0,597,597,126.0,100.0,53,0
36,50,0,2,0,64,548,597,597,126.0,100.0,53,0
152,4,256,576,0,0,0,597,597,126.0,100.0,53,0
0,296,0,21,0,7,520,597,597,126.0,100.0,53,0
0,18,579,22,292,297,545,597,597,126.0,100.0,53,0
0,0,0,0,0,0,0,597,597,126.0,100.0,53,0
49,100,0,0,3,386,296,597,597,126.0,100.0,53,0
311,548,17,16,0,0,296,597,597,126.0,100.0,53,0
4,4,294,49,402,33,102,597,597,126.0,100.0,53,0
0,592,55,1,67,324,352,597,597,126.0,100.0,53,0
4,0,0,0,0,4,0,597,597,126.0,100.0,53,0
100,547,576,50,402,96,150,597,597,126.0,100.0,53,0
50,134,2,8,9,279,136,597,597,126.0,100.0,53,0
262,4,256,569,0,0,0,597,597,126.0,100.0,53,0
0,0,0,0,0,0,0,597,597,126.0,100.0,53,0
0,288,0,21,100,7,520,597,597,126.0,100.0,53,0
6,5,306,22,0,1,562,597,597,126.0,100.0,53,0
0,22,0,50,0,0,50,597,597,126.0,100.0,53,0
0,8,0,0,0,1,112,597,597,126.0,100.0,53,0
0,0,0,0,0,0,4,597,597,126.0,100.0,53,0
0,8,3,561,512,0,0,597,597,126.0,100.0,53,0
120,3,352,0,99,569,597,597,597,126.0,100.0,53,0
547,520,0,288,576,0,40,597,597,126.0,100.0,53,0
49,100,0,0,3,359,296,597,597,126.0,100.0,53,0
324,101,345,98,597,39,150,597,597,126.0,100.0,53,0
311,548,17,16,0,0,296,597,597,126.0,100.0,53,0
295,512,2,1,113,518,288,597,597,126.0,100.0,53,0
0,0,3,323,8,0,0,597,597,126.0,100.0,53,0
3,352,361,263,308,297,576,597,597,126.0,100.0,53,0
0,0,0,0,0,0,0,597,597,126.0,100.0,53,0
0,0,3,564,23,580,518,597,597,126.0,100.0,53,0
0,592,55,1,67,324,352,597,597,126.0,100.0,53,0
306,50,0,585,296,0,3,597,597,126.0,100.0,53,0
577,0,2,566,0,40,0,597,597,126.0,100.0,53,0
50,134,2,8,9,279,116,597,597,126.0,100.0,53,0
0,0,0,0,18,0,2,597,597,126.0,100.0,53,0
120,0,0,100,0,0,0,597,597,126.0,100.0,53,0
40,50,0,2,0,64,548,597,597,126.0,100.0,53,0
276,4,256,568,0,0,0,597,597,126.0,100.0,53,0
0,274,0,21,296,7,520,597,597,126.0,100.0,53,0
0,20,577,22,292,297,545,597,597,126.0,100.0,53,0
0,0,0,0,0,0,0,597,597,126.0,100.0,53,0
291,49,392,259,292,563,70,597,597,126.0,100.0,53,0
49,100,0,0,3,359,296,597,597,126.0,100.0,53,0
311,548,17,16,0,0,296,597,597,126.0,100.0,53,0
4,4,294,49,402,33,102,597,597,126.0,100.0,53,0
324,101,345,98,596,595,150,597,597,126.0,100.0,53,0
