0,0,32,3,278,0,0,597,597,140.0,54.0,55,0
0,0,0,0,18,0,16,597,597,140.0,54.0,55,0
311,548,17,9,597,562,296,597,597,140.0,54.0,55,0
4,4,293,49,402,33,152,597,597,140.0,54.0,55,0
324,100,547,100,99,129,150,597,597,140.0,54.0,55,0
120,0,0,100,0,0,0,597,597,140.0,54.0,55,0
54,0,0,576,16,0,0,597,597,140.0,54.0,55,0
22,150,534,0,0,0,8,597,597,140.0,54.0,55,0
4,50,21,2,0,64,576,597,597,140.0,54.0,55,0
24,4,150,279,3,304,0,597,597,140.0,54.0,55,0
0,296,0,18,304,359,520,597,597,140.0,54.0,55,0
0,52,592,324,292,321,537,597,597,140.0,54.0,55,0
137,105,105,0,0,597,597,597,597,140.0,54.0,55,1
150,0,0,0,0,0,0,597,597,140.0,54.0,55,0
0,597,355,564,23,580,518,597,597,140.0,54.0,55,0
0,585,356,549,70,22,352,597,597,140.0,54.0,55,0
0,0,0,36,0,0,0,597,597,140.0,54.0,55,0
0,0,0,307,0,0,0,597,597,140.0,54.0,55,0
100,24,560,0,0,0,0,597,597,140.0,54.0,55,0
291,49,390,532,21,361,70,597,597,140.0,54.0,55,0
50,532,2,8,9,279,258,597,597,140.0,54.0,55,0
0,0,0,0,0,0,0,597,597,140.0,54.0,55,0
6,85,406,22,0,3,128,597,597,140.0,54.0,55,0
98,40,402,3,137,516,0,597,597,140.0,54.0,55,0
0,64,100,0,0,296,100,597,597,140.0,54.0,55,0
137,105,105,0,0,597,597,597,597,140.0,54.0,55,1
50,402,0,0,1,311,296,597,597,140.0,54.0,55,0
311,548,17,9,597,566,296,597,597,140.0,54.0,55,0
0,0,0,0,0,36,100,597,597,140.0,54.0,55,0
0,0,0,0,0,0,0,597,597,140.0,54.0,55,0
324,101,49,100,99,25,150,597,597,140.0,54.0,55,0
0,288,0,18,404,359,520,597,597,140.0,54.0,55,0
0,592,356,549,70,22,352,597,597,140.0,54.0,55,0
1,100,304,311,34,16,4,597,597,140.0,54.0,55,0
520,149,576,37,402,329,548,597,597,140.0,54.0,55,0
50,532,2,8,9,279,264,597,597,140.0,54.0,55,0
0,8,3,561,534,0,0,597,597,140.0,54.0,55,0
120,3,353,409,99,323,597,597,597,140.0,54.0,55,0
547,520,0,291,114,0,40,597,597,140.0,54.0,55,0
294,512,2,1,113,518,86,597,597,140.0,54.0,55,0
0,548,372,120,294,20,352,597,597,140.0,54.0,55,0
306,50,0,262,296,548,120,597,597,140.0,54.0,55,0
582,0,2,530,0,24,0,597,597,140.0,54.0,55,0
0,0,0,0,0,0,4,597,597,140.0,54.0,55,0
50,402,0,0,1,304,0,597,597,140.0,54.0,55,0
0,0,0,0,18,0,16,597,597,140.0,54.0,55,0
311,548,17,9,597,566,296,597,597,140.0,54.0,55,0
120,0,0,100,0,0,0,597,597,140.0,54.0,55,0
8,50,21,2,0,64,576,597,597,140.0,54.0,55,0
52,4,150,279,3,296,0,597,597,140.0,54.0,55,0
4,4,293,49,402,33,152,597,597,140.0,54.0,55,0
324,100,547,100,99,33,150,597,597,140.0,54.0,55,0
0,274,0,19,2,359,520,597,597,140.0,54.0,55,0
0,54,584,324,292,321,537,597,597,140.0,54.0,55,0
137,105,105,0,0,597,597,597,597,140.0,54.0,55,1
150,0,0,0,0,0,0,597,597,140.0,54.0,55,0
0,597,355,564,23,580,518,597,597,140.0,54.0,55,0
0,592,54,549,70,22,352,597,597,140.0,54.0,55,0
50,532,2,8,9,279,258,597,597,140.0,54.0,55,0
0,0,0,0,0,0,0,597,597,140.0,54.0,55,0
137,105,105,0,0,597,597,597,597,140.0,54.0,55,1
50,402,0,0,1,304,0,597,597,140.0,54.0,55,0
311,548,17,9,597,566,296,597,597,140.0,54.0,55,0
291,49,391,530,128,261,70,597,597,140.0,54.0,55,0
0,0,0,0,0,0,0,597,597,140.0,54.0,55,0
66,4,150,278,3,296,0,597,597,140.0,54.0,55,0
0,260,0,19,102,359,520,597,597,140.0,54.0,55,0
324,100,547,100,98,583,150,597,597,140.0,54.0,55,0
0,592,356,549,70,22,352,597,597,140.0,54.0,55,0
0,36,0,0,0,0,0,597,597,140.0,54.0,55,0
50,532,2,8,9,279,276,597,597,140.0,54.0,55,0
0,8,3,561,534,0,0,597,597,140.0,54.0,55,0
120,3,353,409,99,273,583,597,597,140.0,54.0,55,0
547,520,0,290,520,0,40,597,597,140.0,54.0,55,0
294,512,2,1,113,518,86,597,597,140.0,54.0,55,0
0,0,7,371,7,584,22,597,597,140.0,54.0,55,0
0,548,372,294,372,70,402,597,597,140.0,54.0,55,0
306,50,0,261,296,548,121,597,597,140.0,54.0,55,0
0,100,0,0,324,36,134,597,597,140.0,54.0,55,0
581,0,2,530,0,32,0,597,597,140.0,54.0,55,0
0,0,0,0,0,0,4,597,597,140.0,54.0,55,0
50,402,0,0,1,277,0,597,597,140.0,54.0,55,0
0,0,0,0,18,0,16,597,597,140.0,54.0,55,0
311,548,17,9,597,566,296,597,597,140.0,54.0,55,0
0,0,0,0,0,36,100,597,597,140.0,54.0,55,0
120,0,0,100,0,0,0,597,597,140.0,54.0,55,0
4,4,293,49,402,33,152,597,597,140.0,54.0,55,0
324,100,547,100,98,535,150,597,597,140.0,54.0,55,0
18,50,21,2,0,64,576,597,597,140.0,54.0,55,0
80,4,150,277,3,296,0,597,597,140.0,54.0,55,0
0,150,0,19,304,359,520,597,597,140.0,54.0,55,0
0,56,582,324,292,321,537,597,597,140.0,54.0,55,0
137,105,105,0,0,597,597,597,597,140.0,54.0,55,1
150,0,0,0,0,0,0,597,597,140.0,54.0,55,0
0,597,355,564,23,580,518,597,597,140.0,54.0,55,0
0,592,54,549,70,22,352,597,597,140.0,54.0,55,0
50,532,2,8,9,279,258,597,597,140.0,54.0,55,0
23,16,121,119,17,116,8,597,597,140.0,54.0,55,0
0,0,0,0,0,0,0,597,597,140.0,54.0,55,0
6,85,306,22,0,3,128,597,597,140.0,54.0,55,0
23,0,50,0,2,129,22,597,597,140.0,54.0,55,0
64,361,514,88,325,311,101,597,597,140.0,54.0,55,0
0,4,50,370,1,0,50,597,597,140.0,54.0,55,0
16,112,119,4,149,404,323,597,597,140.0,54.0,55,0
0,0,0,0,2,0,36,597,597,140.0,54.0,55,0
50,402,0,0,1,263,296,597,597,140.0,54.0,55,0
311,0,17,9,597,566,296,597,597,140.0,54.0,55,0
0,0,0,0,0,0,0,597,597,140.0,54.0,55,0
88,4,150,276,3,296,0,597,597,140.0,54.0,55,0
0,136,0,19,404,359,520,597,597,140.0,54.0,55,0
324,100,547,100,98,391,150,597,597,140.0,54.0,55,0
137,105,105,0,0,597,597,597,597,140.0,54.0,55,1
0,592,356,549,70,22,352,597,597,140.0,54.0,55,0
99,597,296,0,0,18,86,597,597,140.0,54.0,55,0
0,8,0,0,0,1,114,597,597,140.0,54.0,55,0
291,49,391,132,128,563,70,597,597,140.0,54.0,55,0
50,532,2,8,9,279,264,597,597,140.0,54.0,55,0
0,8,3,561,534,0,0,597,597,140.0,54.0,55,0
120,3,353,408,99,323,583,597,597,140.0,54.0,55,0
547,520,0,290,136,0,40,597,597,140.0,54.0,55,0
294,512,2,1,113,518,86,597,597,140.0,54.0,55,0
0,0,7,343,309,584,50,597,597,140.0,54.0,55,0
0,50,372,372,518,148,576,597,597,140.0,54.0,55,0
306,50,0,289,296,548,0,597,597,140.0,54.0,55,0
580,0,2,530,0,34,0,597,597,140.0,54.0,55,0
0,0,0,0,0,0,4,597,597,140.0,54.0,55,0
50,402,0,0,1,263,296,597,597,140.0,54.0,55,0
1,71,409,409,345,296,310,597,597,140.0,54.0,55,0
0,0,0,0,18,0,16,597,597,140.0,54.0,55,0
311,0,17,9,597,566,296,597,597,140.0,54.0,55,0
120,0,0,100,0,0,0,597,597,140.0,54.0,55,0
22,50,21,2,0,64,576,597,597,140.0,54.0,55,0
4,4,293,49,402,33,152,597,597,140.0,54.0,55,0
324,101,49,100,98,293,150,597,597,140.0,54.0,55,0
102,4,150,276,3,295,0,597,597,140.0,54.0,55,0
0,128,0,20,2,359,520,597,597,140.0,54.0,55,0
0,64,580,324,292,321,537,597,597,140.0,54.0,55,0
137,105,105,0,0,597,597,597,597,140.0,54.0,55,1
150,0,0,0,0,0,0,597,597,140.0,54.0,55,0
0,597,355,564,23,580,518,597,597,140.0,54.0,55,0
0,592,54,549,70,22,352,597,597,140.0,54.0,55,0
0,0,104,2,296,96,0,597,597,140.0,54.0,55,0
50,532,2,8,9,279,264,597,597,140.0,54.0,55,0
4,0,0,0,0,4,0,597,597,140.0,54.0,55,0
0,0,0,0,0,0,0,597,597,140.0,54.0,55,0
137,105,105,0,0,597,597,597,597,140.0,54.0,55,1
50,296,0,0,1,256,296,597,597,140.0,54.0,55,0
311,50,17,9,597,566,296,597,597,140.0,54.0,55,0
0,0,0,0,0,36,100,597,597,140.0,54.0,55,0
0,0,0,0,0,0,0,597,597,140.0,54.0,55,0
116,4,150,275,3,295,0,597,597,140.0,54.0,55,0
0,114,0,20,102,359,520,597,597,140.0,54.0,55,0
324,100,547,100,98,295,150,597,597,140.0,54.0,55,0
0,7,134,376,390,388,0,597,597,140.0,54.0,55,0
0,592,356,549,70,22,352,597,597,140.0,54.0,55,0
0,0,33,50,0,101,50,597,597,140.0,54.0,55,0
50,532,2,8,9,279,264,597,597,140.0,54.0,55,0
0,2,0,296,0,0,0,597,597,140.0,54.0,55,0
0,8,3,561,512,0,0,597,597,140.0,54.0,55,0
120,597,353,404,401,273,583,597,597,140.0,54.0,55,0
547,520,0,289,548,0,40,597,597,140.0,54.0,55,0
294,512,2,1,113,518,86,597,597,140.0,54.0,55,0
0,0,7,322,7,584,72,597,597,140.0,54.0,55,0
0,0,372,568,596,373,50,597,597,140.0,54.0,55,0
306,50,0,291,296,547,101,597,597,140.0,54.0,55,0
579,0,2,530,0,36,0,597,597,140.0,54.0,55,0
0,0,0,0,0,0,4,597,597,140.0,54.0,55,0
50,296,0,0,1,133,296,597,597,140.0,54.0,55,0
291,49,390,328,129,361,70,597,597,140.0,54.0,55,0
0,0,0,0,18,0,16,597,597,140.0,54.0,55,0
311,50,17,9,597,566,296,597,597,140.0,54.0,55,0
120,0,0,100,0,0,0,597,597,140.0,54.0,55,0
32,50,21,2,0,64,548,597,597,140.0,54.0,55,0
324,101,49,100,50,51,150,597,597,140.0,54.0,55,0
130,4,150,277,3,292,0,597,597,140.0,54.0,55,0
0,100,0,20,304,359,520,597,597,140.0,54.0,55,0
0,66,578,324,292,321,537,597,597,140.0,54.0,55,0
137,105,105,0,0,597,597,597,597,140.0,54.0,55,1
150,0,0,0,0,0,0,597,597,140.0,54.0,55,0
0,597,355,564,23,580,518,597,597,140.0,54.0,55,0
0,592,54,549,70,22,352,597,597,140.0,54.0,55,0
0,0,0,0,0,0,0,597,597,140.0,54.0,55,0
0,4,0,70,0,0,0,597,597,140.0,54.0,55,0
50,532,2,8,9,279,264,597,597,140.0,54.0,55,0
36,19,100,100,0,1,36,597,597,140.0,54.0,55,0
5,2,404,96,281,100,297,597,597,140.0,54.0,55,0
0,104,320,134,296,23,352,597,597,140.0,54.0,55,0
0,150,0,0,0,0,0,597,597,140.0,54.0,55,0
4,150,114,66,546,531,36,597,597,140.0,54.0,55,0
0,0,0,0,0,0,0,597,597,140.0,54.0,55,0
6,85,306,22,0,3,128,597,597,140.0,54.0,55,0
1,531,304,19,2,582,117,597,597,140.0,54.0,55,0
2,304,296,72,54,5,296,597,597,140.0,54.0,55,0
137,105,105,0,0,597,597,597,597,140.0,54.0,55,1
50,296,0,0,1,133,296,597,597,140.0,54.0,55,0
311,100,17,9,597,566,296,597,597,140.0,54.0,55,0
0,0,0,0,0,0,0,597,597,140.0,54.0,55,0
144,4,150,276,3,292,0,597,597,140.0,54.0,55,0
0,86,0,20,404,359,520,597,597,140.0,54.0,55,0
0,592,54,549,70,22,352,597,597,140.0,54.0,55,0
0,100,0,0,0,0,0,597,597,140.0,54.0,55,0
324,100,547,100,50,53,150,597,597,140.0,54.0,55,0
32,133,0,0,0,136,0,597,597,140.0,54.0,55,0
340,1,2,4,375,2,100,597,597,140.0,54.0,55,0
50,532,2,8,9,279,276,597,597,140.0,54.0,55,0
23,16,121,129,17,514,8,597,597,140.0,54.0,55,0
0,4,50,370,1,0,50,597,597,140.0,54.0,55,0
0,8,3,561,512,0,0,597,597,140.0,54.0,55,0
120,3,353,404,99,121,583,597,597,140.0,54.0,55,0
547,520,0,289,260,0,40,597,597,140.0,54.0,55,0
293,512,2,1,113,518,86,597,597,140.0,54.0,55,0
0,0,7,294,309,584,100,597,597,140.0,54.0,55,0
1,352,373,49,120,519,128,597,597,140.0,54.0,55,0
306,50,0,290,296,547,102,597,597,140.0,54.0,55,0
578,0,2,530,0,38,0,597,597,140.0,54.0,55,0
0,0,0,0,0,0,4,597,597,140.0,54.0,55,0
50,296,0,0,1,120,0,597,597,140.0,54.0,55,0
0,0,32,3,278,0,0,597,597,140.0,54.0,55,0
0,0,0,0,18,0,16,597,597,140.0,54.0,55,0
311,100,17,9,597,566,296,597,597,140.0,54.0,55,0
4,4,293,49,402,33,152,597,597,140.0,54.0,55,0
324,101,49,100,99,553,150,597,597,140.0,54.0,55,0
0,0,0,0,0,36,100,597,597,140.0,54.0,55,0
120,0,0,100,0,0,0,597,597,140.0,54.0,55,0
118,296,37,101,150,22,48,597,597,140.0,54.0,55,0
54,0,0,576,16,22,0,597,597,140.0,54.0,55,0
22,150,534,0,0,0,8,597,597,140.0,54.0,55,0
36,50,21,102,0,64,548,597,597,140.0,54.0,55,0
152,4,150,275,3,292,0,597,597,140.0,54.0,55,0
0,72,0,21,2,359,520,597,597,140.0,54.0,55,0
0,68,576,324,292,321,537,597,597,140.0,54.0,55,0
137,105,105,0,0,597,597,597,597,140.0,54.0,55,1
150,0,0,0,0,0,0,597,597,140.0,54.0,55,0
0,597,355,564,23,580,518,597,597,140.0,54.0,55,0
0,585,356,549,70,0,352,597,597,140.0,54.0,55,0
0,0,0,36,0,0,0,597,597,140.0,54.0,55,0
0,0,0,307,0,0,0,597,597,140.0,54.0,55,0
291,49,390,529,326,65,70,597,597,140.0,54.0,55,0
50,532,2,8,9,279,264,597,597,140.0,54.0,55,0
100,24,560,0,0,0,0,597,597,140.0,54.0,55,0
0,8,0,0,0,1,114,597,597,140.0,54.0,55,0
0,0,0,0,0,0,0,597,597,140.0,54.0,55,0
137,105,105,0,0,597,597,597,597,140.0,54.0,55,1
50,296,0,0,1,120,0,597,597,140.0,54.0,55,0
311,150,17,9,597,566,296,597,597,140.0,54.0,55,0
0,0,0,0,0,0,0,597,597,140.0,54.0,55,0
262,4,150,274,3,292,0,597,597,140.0,54.0,55,0
0,64,0,21,102,359,520,597,597,140.0,54.0,55,0
0,592,54,549,70,0,352,597,597,140.0,54.0,55,0
324,101,49,100,99,409,150,597,597,140.0,54.0,55,0
520,149,576,37,402,329,548,597,597,140.0,54.0,55,0
1,100,304,311,34,16,4,597,597,140.0,54.0,55,0
50,532,2,8,9,279,264,597,597,140.0,54.0,55,0
0,8,3,561,512,0,0,597,597,140.0,54.0,55,0
120,3,353,402,401,121,597,597,597,140.0,54.0,55,0
547,520,0,288,576,0,40,597,597,140.0,54.0,55,0
293,512,2,1,113,518,86,597,597,140.0,54.0,55,0
0,0,7,273,7,584,128,597,597,140.0,54.0,55,0
1,50,373,121,272,597,324,597,597,140.0,54.0,55,0
306,50,0,290,296,547,3,597,597,140.0,54.0,55,0
577,0,2,530,0,40,0,597,597,140.0,54.0,55,0
0,0,0,0,0,0,4,597,597,140.0,54.0,55,0
50,296,0,0,1,99,0,597,597,140.0,54.0,55,0
0,0,0,0,18,0,16,597,597,140.0,54.0,55,0
311,150,17,9,597,566,296,597,597,140.0,54.0,55,0
120,0,0,100,0,0,0,597,597,140.0,54.0,55,0
40,50,21,102,0,64,548,597,597,140.0,54.0,55,0
276,4,150,274,3,291,0,597,597,140.0,54.0,55,0
4,4,293,49,402,33,152,597,597,140.0,54.0,55,0
324,101,49,100,99,361,150,597,597,140.0,54.0,55,0
0,50,0,21,304,359,520,597,597,140.0,54.0,55,0
0,70,568,324,292,321,537,597,597,140.0,54.0,55,0
137,105,105,0,0,597,597,597,597,140.0,54.0,55,1
150,0,0,0,0,0,0,597,597,140.0,54.0,55,0
0,597,355,564,23,580,518,597,597,140.0,54.0,55,0
0,592,54,549,70,0,352,597,597,140.0,54.0,55,0
50,532,2,8,9,279,264,597,597,140.0,54.0,55,0
0,0,0,0,0,0,0,597,597,140.0,54.0,55,0
6,85,104,22,0,3,128,597,597,140.0,54.0,55,0
137,105,105,0,0,597,597,597,597,140.0,54.0,55,1
50,296,0,0,1,85,296,597,597,140.0,54.0,55,0
311,296,17,9,597,566,296,597,597,140.0,54.0,55,0
291,49,391,130,130,563,70,597,597,140.0,54.0,55,0
0,0,0,0,0,36,100,597,597,140.0,54.0,55,0
0,0,0,0,0,0,0,597,597,140.0,54.0,55,0
290,4,150,273,3,291,0,597,597,140.0,54.0,55,0
324,100,547,100,99,369,150,597,597,140.0,54.0,55,0
0,36,0,21,404,359,520,597,597,140.0,54.0,55,0
0,592,356,549,70,0,352,597,597,140.0,54.0,55,0
0,36,0,0,0,0,0,597,597,140.0,54.0,55,0
50,532,2,8,9,279,258,597,597,140.0,54.0,55,0
0,8,3,561,512,0,0,597,597,140.0,54.0,55,0
120,3,353,401,99,273,597,597,597,140.0,54.0,55,0
547,520,0,288,288,0,40,597,597,140.0,54.0,55,0
293,512,2,1,113,518,86,597,597,140.0,54.0,55,0
0,0,7,259,309,584,128,597,597,140.0,54.0,55,0
1,296,373,273,345,71,402,597,597,140.0,54.0,55,0
306,50,0,290,296,546,406,597,597,140.0,54.0,55,0
0,100,0,0,324,35,135,597,597,140.0,54.0,55,0
576,0,2,530,0,48,0,597,597,140.0,54.0,55,0
0,0,0,0,0,0,4,597,597,140.0,54.0,55,0
50,296,0,0,1,85,296,597,597,140.0,54.0,55,0
0,0,0,0,18,0,16,597,597,140.0,54.0,55,0
311,296,17,9,597,562,296,597,597,140.0,54.0,55,0
120,0,0,100,0,0,0,597,597,140.0,54.0,55,0
0,50,21,102,0,64,548,597,597,140.0,54.0,55,0
4,4,293,49,402,33,152,597,597,140.0,54.0,55,0
324,101,49,100,99,265,150,597,597,140.0,54.0,55,0
2,4,150,295,3,290,0,597,597,140.0,54.0,55,0
0,324,0,18,2,359,520,597,597,140.0,54.0,55,0
0,50,594,324,292,321,537,597,597,140.0,54.0,55,0
137,105,105,0,0,597,597,597,597,140.0,54.0,55,1
150,0,0,0,0,0,0,597,597,140.0,54.0,55,0
0,597,355,564,23,580,518,597,597,140.0,54.0,55,0
0,585,356,549,70,0,352,597,597,140.0,54.0,55,0
22,0,0,101,304,72,0,597,597,140.0,54.0,55,0
50,532,2,8,9,279,258,597,597,140.0,54.0,55,0
23,16,121,115,16,514,310,597,597,140.0,54.0,55,0
0,0,0,0,0,0,0,597,597,140.0,54.0,55,0
0,4,50,370,1,0,50,597,597,140.0,54.0,55,0
137,105,105,0,0,597,597,597,597,140.0,54.0,55,1
0,0,0,0,2,0,36,597,597,140.0,54.0,55,0
294,580,595,115,593,359,388,597,597,140.0,54.0,55,0
50,296,0,0,1,352,296,597,597,140.0,54.0,55,0
16,4,150,294,3,290,0,597,597,140.0,54.0,55,0
0,310,0,18,102,359,520,597,597,140.0,54.0,55,0
324,101,49,100,99,121,150,597,597,140.0,54.0,55,0
0,585,356,549,70,0,352,597,597,140.0,54.0,55,0
99,597,296,0,0,18,86,597,597,140.0,54.0,55,0
0,8,0,0,0,1,114,597,597,140.0,54.0,55,0
291,49,391,325,327,261,70,597,597,140.0,54.0,55,0
50,532,2,8,9,279,264,597,597,140.0,54.0,55,0
0,8,3,561,512,0,0,597,597,140.0,54.0,55,0
120,3,353,393,401,121,597,597,597,140.0,54.0,55,0
547,520,0,295,296,0,40,597,597,140.0,54.0,55,0
294,512,2,1,113,518,86,597,597,140.0,54.0,55,0
0,0,7,534,7,584,128,597,597,140.0,54.0,55,0
1,150,373,345,519,149,576,597,597,140.0,54.0,55,0
306,50,0,288,296,547,5,597,597,140.0,54.0,55,0
597,0,2,530,0,0,0,597,597,140.0,54.0,55,0
0,0,0,0,0,0,4,597,597,140.0,54.0,55,0
50,296,0,0,1,325,296,597,597,140.0,54.0,55,0
0,0,0,0,18,0,16,597,597,140.0,54.0,55,0
311,296,17,9,597,566,296,597,597,140.0,54.0,55,0
0,0,0,0,0,36,100,597,597,140.0,54.0,55,0
120,0,0,100,0,0,0,597,597,140.0,54.0,55,0
4,50,21,102,0,64,548,597,597,140.0,54.0,55,0
4,4,293,49,402,33,152,597,597,140.0,54.0,55,0
324,100,547,100,99,129,150,597,597,140.0,54.0,55,0
24,4,150,292,3,291,0,597,597,140.0,54.0,55,0
0,296,0,18,304,359,520,597,597,140.0,54.0,55,0
0,52,592,324,292,321,537,597,597,140.0,54.0,55,0
137,105,105,0,0,597,597,597,597,140.0,54.0,55,1
150,0,0,0,0,0,0,597,597,140.0,54.0,55,0
0,597,355,564,23,580,518,597,597,140.0,54.0,55,0
0,585,356,549,70,0,352,597,597,140.0,54.0,55,0
0,0,104,2,296,96,0,597,597,140.0,54.0,55,0
1,121,409,512,345,280,342,597,597,140.0,54.0,55,0
50,532,2,8,9,279,264,597,597,140.0,54.0,55,0
4,0,0,0,0,4,0,597,597,140.0,54.0,55,0
0,0,0,0,0,0,0,597,597,140.0,54.0,55,0
6,85,4,22,0,3,128,597,597,140.0,54.0,55,0
50,296,0,0,1,325,296,597,597,140.0,54.0,55,0
311,296,17,9,597,566,296,597,597,140.0,54.0,55,0
0,0,0,0,0,0,0,597,597,140.0,54.0,55,0
38,4,150,291,3,291,0,597,597,140.0,54.0,55,0
0,288,0,18,404,359,520,597,597,140.0,54.0,55,0
137,105,105,0,0,597,597,597,597,140.0,54.0,55,1
0,7,135,80,390,374,0,597,597,140.0,54.0,55,0
324,101,49,100,99,25,150,597,597,140.0,54.0,55,0
0,592,356,549,70,0,352,597,597,140.0,54.0,55,0
0,0,32,402,0,101,50,597,597,140.0,54.0,55,0
50,532,2,8,9,279,290,597,597,140.0,54.0,55,0
0,2,0,296,0,0,0,597,597,140.0,54.0,55,0
0,8,3,561,534,0,0,597,597,140.0,54.0,55,0
120,3,353,393,99,121,583,597,597,140.0,54.0,55,0
547,520,0,295,8,0,40,597,597,140.0,54.0,55,0
293,512,2,1,113,518,86,597,597,140.0,54.0,55,0
0,0,7,512,309,584,150,597,597,140.0,54.0,55,0
1,402,373,519,597,296,50,597,597,140.0,54.0,55,0
306,50,0,289,296,546,308,597,597,140.0,54.0,55,0
0,0,0,0,0,0,4,597,597,140.0,54.0,55,0
50,296,0,0,1,312,0,597,597,140.0,54.0,55,0
291,49,392,128,32,65,70,597,597,140.0,54.0,55,0
0,0,0,0,18,0,16,597,597,140.0,54.0,55,0
311,296,17,9,597,562,296,597,597,140.0,54.0,55,0
120,0,0,100,0,0,0,597,597,140.0,54.0,55,0
8,50,21,102,0,64,548,597,597,140.0,54.0,55,0
4,4,293,49,402,33,152,597,597,140.0,54.0,55,0
324,101,49,100,98,581,150,597,597,140.0,54.0,55,0
52,4,150,292,3,289,0,597,597,140.0,54.0,55,0
0,274,0,19,2,359,520,597,597,140.0,54.0,55,0
0,54,584,324,292,321,537,597,597,140.0,54.0,55,0
137,105,105,0,0,597,597,597,597,140.0,54.0,55,1
150,0,0,0,0,0,0,597,597,140.0,54.0,55,0
0,597,355,564,23,580,518,597,597,140.0,54.0,55,0
0,592,54,549,70,0,352,597,597,140.0,54.0,55,0
0,0,0,0,0,0,0,597,597,140.0,54.0,55,0
0,4,0,69,0,0,0,597,597,140.0,54.0,55,0
50,532,2,8,9,279,258,597,597,140.0,54.0,55,0
36,19,100,100,0,1,36,597,597,145.0,46.0,58,0
5,2,404,96,281,100,297,597,597,145.0,46.0,58,0
0,104,320,134,296,23,352,597,597,145.0,46.0,58,0
0,150,0,0,0,0,0,597,597,145.0,46.0,58,0
4,150,114,66,546,531,36,597,597,145.0,46.0,58,0
1,531,304,19,2,582,117,597,597,145.0,46.0,58,0
0,0,0,0,0,0,0,597,597,145.0,46.0,58,0
2,296,296,72,54,5,296,597,597,145.0,46.0,58,0
137,105,105,0,0,597,597,597,597,145.0,46.0,58,1
50,296,0,0,1,312,0,597,597,145.0,46.0,58,0
311,352,17,9,597,562,296,597,597,145.0,46.0,58,0
0,0,0,0,0,36,100,597,597,145.0,46.0,58,0
66,4,150,291,3,289,0,597,597,145.0,46.0,58,0
0,260,0,19,102,359,520,597,597,145.0,46.0,58,0
324,101,49,100,98,533,150,597,597,145.0,46.0,58,0
0,592,54,549,70,0,352,597,597,145.0,46.0,58,0
0,114,0,0,0,0,0,597,597,145.0,46.0,58,0
32,133,0,0,0,136,0,597,597,145.0,46.0,58,0
340,1,2,4,375,2,100,597,597,145.0,46.0,58,0
296,0,0,0,0,0,0,597,597,145.0,46.0,58,0
36,2,0,0,0,0,0,597,597,145.0,46.0,58,0
50,532,2,8,9,279,264,597,597,145.0,46.0,58,0
23,16,121,121,17,514,310,597,597,145.0,46.0,58,0
1,2,0,64,101,390,2,597,597,145.0,46.0,58,0
70,2,40,4,8,338,520,597,597,145.0,46.0,58,0
0,4,50,370,1,0,50,597,597,145.0,46.0,58,0
0,8,3,561,512,0,0,597,597,145.0,46.0,58,0
120,7,353,391,99,323,597,597,597,145.0,46.0,58,0
547,520,0,294,324,0,40,597,597,145.0,46.0,58,0
293,512,2,1,113,518,86,597,597,145.0,46.0,58,0
0,0,7,403,7,584,150,597,597,145.0,46.0,58,0
1,0,373,576,71,402,128,597,597,145.0,46.0,58,0
306,50,0,289,296,546,113,597,597,145.0,46.0,58,0
595,0,2,530,0,4,0,597,597,145.0,46.0,58,0
0,0,0,0,0,0,4,597,597,145.0,46.0,58,0
50,296,0,0,1,291,0,597,597,145.0,46.0,58,0
0,0,32,3,278,0,0,597,597,145.0,46.0,58,0
0,0,0,0,18,0,16,597,597,145.0,46.0,58,0
311,352,17,9,597,566,296,597,597,145.0,46.0,58,0
4,4,293,49,402,33,152,597,597,145.0,46.0,58,0
324,100,547,100,98,535,150,597,597,145.0,46.0,58,0
120,0,0,100,0,0,0,597,597,145.0,46.0,58,0
118,296,37,101,150,22,48,597,597,145.0,46.0,58,0
54,0,0,576,16,50,0,597,597,145.0,46.0,58,0
22,150,534,0,0,0,8,597,597,145.0,46.0,58,0
18,50,21,102,0,64,548,597,597,145.0,46.0,58,0
80,4,150,291,3,288,0,597,597,145.0,46.0,58,0
0,150,0,19,304,359,520,597,597,145.0,46.0,58,0
0,56,582,324,292,321,537,597,597,145.0,46.0,58,0
137,105,105,0,0,597,597,597,597,145.0,46.0,58,1
150,0,0,0,0,0,0,597,597,145.0,46.0,58,0
0,597,355,564,23,580,518,597,597,145.0,46.0,58,0
0,592,54,549,70,0,352,597,597,145.0,46.0,58,0
0,0,0,36,0,0,0,597,597,145.0,46.0,58,0
0,0,0,307,0,0,0,597,597,145.0,46.0,58,0
100,24,560,0,0,0,0,597,597,145.0,46.0,58,0
291,49,391,520,32,361,70,597,597,145.0,46.0,58,0
50,532,2,8,9,279,264,597,597,145.0,46.0,58,0
0,8,0,0,0,1,114,597,597,145.0,46.0,58,0
0,0,0,0,0,0,0,597,597,145.0,46.0,58,0
6,85,4,22,0,3,128,597,597,145.0,46.0,58,0
137,105,105,0,0,597,597,597,597,145.0,46.0,58,1
50,296,0,0,1,277,296,597,597,145.0,46.0,58,0
311,352,17,9,597,566,296,597,597,145.0,46.0,58,0
0,0,0,0,0,0,0,597,597,145.0,46.0,58,0
88,4,150,290,3,288,0,597,597,145.0,46.0,58,0
0,136,0,19,404,359,520,597,597,145.0,46.0,58,0
0,592,54,549,70,0,352,597,597,145.0,46.0,58,0
520,149,576,37,296,329,548,597,597,145.0,46.0,58,0
324,101,49,100,98,341,150,597,597,145.0,46.0,58,0
1,100,304,311,34,16,4,597,597,145.0,46.0,58,0
50,532,2,8,9,279,276,597,597,145.0,46.0,58,0
0,8,3,561,534,0,0,597,597,145.0,46.0,58,0
120,3,353,390,99,373,597,597,597,145.0,46.0,58,0
547,520,0,294,36,0,40,597,597,145.0,46.0,58,0
293,512,2,1,113,518,86,597,597,145.0,46.0,58,0
0,0,7,375,309,584,274,597,597,145.0,46.0,58,0
1,100,352,72,273,576,296,597,597,145.0,46.0,58,0
306,50,0,289,296,546,8,597,597,145.0,46.0,58,0
594,0,2,530,0,6,0,597,597,145.0,46.0,58,0
0,0,0,0,0,0,4,597,597,145.0,46.0,58,0
50,296,0,0,1,277,296,597,597,145.0,46.0,58,0
0,0,0,0,18,0,16,597,597,145.0,46.0,58,0
311,352,17,9,597,566,296,597,597,145.0,46.0,58,0
0,0,0,0,0,36,100,597,597,145.0,46.0,58,0
120,0,0,100,0,0,0,597,597,145.0,46.0,58,0
4,4,293,49,402,33,152,597,597,145.0,46.0,58,0
324,101,49,100,98,293,150,597,597,145.0,46.0,58,0
22,50,21,102,0,64,548,597,597,145.0,46.0,58,0
102,4,150,290,3,281,0,597,597,145.0,46.0,58,0
0,128,0,20,2,359,520,597,597,145.0,46.0,58,0
0,64,580,324,292,321,537,597,597,145.0,46.0,58,0
137,105,105,0,0,597,597,597,597,145.0,46.0,58,1
150,0,0,0,0,0,0,597,597,145.0,46.0,58,0
0,597,355,564,23,580,518,597,597,145.0,46.0,58,0
0,592,54,549,70,0,352,597,597,145.0,46.0,58,0
50,532,2,8,9,279,276,597,597,145.0,46.0,58,0
0,0,0,0,0,0,0,597,597,145.0,46.0,58,0
374,594,0,64,0,0,0,597,597,145.0,46.0,58,0
137,105,105,0,0,597,597,597,597,145.0,46.0,58,1
50,296,0,0,1,256,296,597,597,145.0,46.0,58,0
311,402,17,9,597,566,296,597,597,145.0,46.0,58,0
291,49,391,121,531,261,70,597,597,145.0,46.0,58,0
0,0,0,0,0,0,0,597,597,145.0,46.0,58,0
116,4,150,289,3,281,0,597,597,145.0,46.0,58,0
0,114,0,20,102,359,520,597,597,145.0,46.0,58,0
324,100,547,100,98,295,150,597,597,145.0,46.0,58,0
0,592,54,549,70,0,352,597,597,145.0,46.0,58,0
0,36,296,0,0,0,0,597,597,145.0,46.0,58,0
50,532,2,8,9,279,264,597,597,145.0,46.0,58,0
0,8,3,561,512,0,0,597,597,145.0,46.0,58,0
120,3,353,389,99,519,597,597,597,145.0,46.0,58,0
547,520,0,293,352,0,40,597,597,145.0,46.0,58,0
293,512,2,1,113,518,86,597,597,145.0,46.0,58,0
1,352,352,150,324,50,402,597,597,145.0,46.0,58,0
306,50,0,291,296,545,115,597,597,145.0,46.0,58,0
0,100,0,0,324,34,136,597,597,145.0,46.0,58,0
593,0,2,530,0,8,0,597,597,145.0,46.0,58,0
0,0,0,0,0,0,4,597,597,145.0,46.0,58,0
50,296,0,0,1,133,296,597,597,145.0,46.0,58,0
0,0,0,0,18,0,16,597,597,145.0,46.0,58,0
311,402,17,9,597,566,296,597,597,145.0,46.0,58,0
120,0,0,100,0,0,0,597,597,145.0,46.0,58,0
32,50,21,102,0,64,548,597,597,145.0,46.0,58,0
4,4,293,49,402,33,152,597,597,145.0,46.0,58,0
324,101,49,100,50,51,150,597,597,145.0,46.0,58,0
130,4,150,291,3,278,0,597,597,145.0,46.0,58,0
0,100,0,20,304,359,520,597,597,145.0,46.0,58,0
0,66,578,324,292,321,537,597,597,145.0,46.0,58,0
137,105,105,0,0,597,597,597,597,145.0,46.0,58,1
150,0,0,0,0,0,0,597,597,145.0,46.0,58,0
0,597,355,564,23,580,518,597,597,145.0,46.0,58,0
0,592,54,549,70,0,352,597,597,145.0,46.0,58,0
50,532,2,8,9,279,264,597,597,145.0,46.0,58,0
23,16,121,117,16,514,8,597,597,145.0,46.0,58,0
0,0,0,0,0,0,0,597,597,145.0,46.0,58,0
6,85,4,22,0,3,128,597,597,145.0,46.0,58,0
64,297,375,311,409,584,403,597,597,145.0,46.0,58,0
0,4,50,370,1,0,50,597,597,145.0,46.0,58,0
0,0,0,0,2,0,36,597,597,145.0,46.0,58,0
50,296,0,0,1,133,296,597,597,145.0,46.0,58,0
311,402,17,9,597,576,296,597,597,145.0,46.0,58,0
0,0,0,0,0,36,100,597,597,145.0,46.0,58,0
0,0,0,0,0,0,0,597,597,145.0,46.0,58,0
144,4,150,290,3,278,0,597,597,145.0,46.0,58,0
324,100,547,100,50,53,150,597,597,145.0,46.0,58,0
0,86,0,20,404,359,520,597,597,145.0,46.0,58,0
137,105,105,0,0,597,597,597,597,145.0,46.0,58,1
0,592,356,549,70,0,352,597,597,145.0,46.0,58,0
99,597,296,0,0,18,86,597,597,145.0,46.0,58,0
0,8,0,0,0,1,112,597,597,145.0,46.0,58,0
291,49,390,128,133,563,70,597,597,145.0,46.0,58,0
50,532,2,8,9,279,276,597,597,145.0,46.0,58,0
0,8,3,561,512,0,0,597,597,145.0,46.0,58,0
120,597,353,387,99,519,597,597,597,145.0,46.0,58,0
547,520,0,293,64,0,40,597,597,145.0,46.0,58,0
293,512,2,1,113,518,86,597,597,145.0,46.0,58,0
0,0,7,354,309,584,274,597,597,145.0,46.0,58,0
2,50,352,324,402,128,576,597,597,145.0,46.0,58,0
306,50,0,290,296,545,116,597,597,145.0,46.0,58,0
592,0,2,530,0,16,0,597,597,145.0,46.0,58,0
0,0,0,0,0,0,4,597,597,145.0,46.0,58,0
50,296,0,0,1,120,0,597,597,145.0,46.0,58,0
0,0,0,0,18,0,16,597,597,145.0,46.0,58,0
311,402,17,9,597,576,296,597,597,145.0,46.0,58,0
120,0,0,100,0,0,0,597,597,145.0,46.0,58,0
36,50,21,102,0,64,548,597,597,145.0,46.0,58,0
152,4,150,289,3,278,0,597,597,145.0,46.0,58,0
4,4,293,49,402,33,152,597,597,145.0,46.0,58,0
324,101,49,100,99,553,150,597,597,145.0,46.0,58,0
0,72,0,21,2,359,520,597,597,145.0,46.0,58,0
0,68,576,324,292,321,537,597,597,145.0,46.0,58,0
137,105,105,0,0,597,597,597,597,145.0,46.0,58,1
150,0,0,0,0,0,0,597,597,145.0,46.0,58,0
0,597,355,564,23,580,518,597,597,145.0,46.0,58,0
0,592,356,549,70,0,352,597,597,145.0,46.0,58,0
0,0,104,2,296,96,0,597,597,145.0,46.0,58,0
50,532,2,8,9,279,150,597,597,145.0,46.0,58,0
4,0,0,0,0,4,0,597,597,145.0,46.0,58,0
0,0,0,0,0,0,0,597,597,145.0,46.0,58,0
50,296,0,0,1,120,0,597,597,145.0,46.0,58,0
1,21,409,514,49,98,376,597,597,145.0,46.0,58,0
311,402,17,9,597,576,296,597,597,145.0,46.0,58,0
0,0,0,0,0,0,0,597,597,145.0,46.0,58,0
262,4,150,288,3,278,0,597,597,145.0,46.0,58,0
324,101,49,100,99,409,150,597,597,145.0,46.0,58,0
0,64,0,21,102,359,520,597,597,145.0,46.0,58,0
137,105,105,0,0,597,597,597,597,145.0,46.0,58,1
0,7,135,24,390,374,0,597,597,145.0,46.0,58,0
0,592,356,549,70,0,352,597,597,145.0,46.0,58,0
0,0,32,296,0,101,0,597,597,145.0,46.0,58,0
50,532,2,8,9,279,276,597,597,145.0,46.0,58,0
0,2,0,296,0,0,0,597,597,145.0,46.0,58,0
0,8,3,561,512,0,0,597,597,145.0,46.0,58,0
120,3,353,386,401,519,597,597,597,145.0,46.0,58,0
547,520,0,292,374,0,40,597,597,145.0,46.0,58,0
293,512,2,1,113,518,86,597,597,145.0,46.0,58,0
0,0,7,341,7,584,274,597,597,145.0,46.0,58,0
2,50,352,402,576,297,50,597,597,145.0,46.0,58,0
306,50,0,291,296,544,515,597,597,145.0,46.0,58,0
585,0,2,530,0,18,0,597,597,145.0,46.0,58,0
0,0,0,0,0,0,4,597,597,145.0,46.0,58,0
50,296,0,0,1,99,0,597,597,145.0,46.0,58,0
291,49,391,120,336,361,70,597,597,145.0,46.0,58,0
0,0,0,0,18,0,16,597,597,145.0,46.0,58,0
311,402,17,9,597,576,296,597,597,145.0,46.0,58,0
0,0,0,0,0,36,100,597,597,145.0,46.0,58,0
4,4,293,49,402,33,152,597,597,145.0,46.0,58,0
324,101,49,100,99,361,150,597,597,145.0,46.0,58,0
120,0,0,100,0,0,0,597,597,145.0,46.0,58,0
40,50,21,102,0,64,576,597,597,145.0,46.0,58,0
276,4,150,289,3,276,0,597,597,145.0,46.0,58,0
0,50,0,21,304,359,520,597,597,145.0,46.0,58,0
0,70,568,324,292,321,537,597,597,145.0,46.0,58,0
137,105,105,0,0,597,597,597,597,145.0,46.0,58,1
150,0,0,0,0,0,0,597,597,145.0,46.0,58,0
0,597,355,564,23,580,518,597,597,145.0,46.0,58,0
0,592,356,549,70,0,352,597,597,145.0,46.0,58,0
0,0,0,0,0,0,0,597,597,145.0,46.0,58,0
0,4,0,69,0,0,0,597,597,145.0,46.0,58,0
50,532,2,8,9,279,258,597,597,145.0,46.0,58,0
36,19,100,100,0,1,36,597,597,145.0,46.0,58,0
5,2,404,96,281,100,297,597,597,145.0,46.0,58,0
0,104,320,134,296,23,352,597,597,145.0,46.0,58,0
0,150,0,0,0,0,0,597,597,145.0,46.0,58,0
4,150,114,66,546,531,36,597,597,145.0,46.0,58,0
1,531,304,19,2,582,117,597,597,145.0,46.0,58,0
0,0,0,0,0,0,0,597,597,145.0,46.0,58,0
6,85,4,22,0,3,128,597,597,145.0,46.0,58,0
2,304,296,72,54,5,296,597,597,145.0,46.0,58,0
50,100,0,0,1,99,296,597,597,145.0,46.0,58,0
311,402,17,9,597,576,296,597,597,145.0,46.0,58,0
0,0,0,0,0,0,0,597,597,145.0,46.0,58,0
290,4,150,288,3,276,0,597,597,145.0,46.0,58,0
0,36,0,21,404,359,520,597,597,145.0,46.0,58,0
137,105,105,0,0,597,597,597,597,145.0,46.0,58,1
0,592,356,549,70,22,352,597,597,145.0,46.0,58,0
324,101,49,100,99,313,150,597,597,145.0,46.0,58,0
0,128,0,0,0,0,0,597,597,145.0,46.0,58,0
32,133,0,0,0,136,0,597,597,145.0,46.0,58,0
22,0,0,101,304,72,0,597,597,145.0,46.0,58,0
340,1,2,4,375,2,100,597,597,145.0,46.0,58,0
50,532,2,8,9,279,276,597,597,145.0,46.0,58,0
23,16,121,117,17,116,8,597,597,145.0,46.0,58,0
0,4,50,370,1,0,50,597,597,145.0,46.0,58,0
0,8,3,561,512,0,0,597,597,145.0,46.0,58,0
120,3,353,386,401,519,597,597,597,145.0,46.0,58,0
547,520,0,292,86,0,40,597,597,145.0,46.0,58,0
294,512,2,1,113,518,86,597,597,145.0,46.0,58,0
0,0,7,305,309,584,324,597,597,145.0,46.0,58,0
2,0,352,577,50,353,100,597,597,145.0,46.0,58,0
306,50,0,290,296,544,516,597,597,145.0,46.0,58,0
584,0,2,530,0,20,0,597,597,145.0,46.0,58,0
0,0,0,0,0,0,4,597,597,145.0,46.0,58,0
50,100,0,0,1,99,296,597,597,145.0,46.0,58,0
0,0,32,3,278,0,0,597,597,145.0,46.0,58,0
0,0,0,0,18,0,16,597,597,145.0,46.0,58,0
311,402,17,9,597,576,296,597,597,145.0,46.0,58,0
4,4,293,49,402,33,152,597,597,145.0,46.0,58,0
324,101,49,100,99,265,150,597,597,145.0,46.0,58,0
120,0,0,100,0,0,0,597,597,145.0,46.0,58,0
118,296,37,101,150,22,48,597,597,145.0,46.0,58,0
54,0,0,576,16,72,0,597,597,145.0,46.0,58,0
22,150,534,0,0,0,8,597,597,145.0,46.0,58,0
0,50,21,102,0,64,576,597,597,145.0,46.0,58,0
2,4,150,309,3,276,0,597,597,145.0,46.0,58,0
0,324,0,18,2,359,520,597,597,145.0,46.0,58,0
0,50,594,324,292,321,537,597,597,145.0,46.0,58,0
137,105,105,0,0,597,597,597,597,145.0,46.0,58,1
150,0,0,0,0,0,0,597,597,145.0,46.0,58,0
0,597,355,564,23,580,518,597,597,145.0,46.0,58,0
0,592,54,549,70,22,352,597,597,145.0,46.0,58,0
0,0,0,36,0,0,0,597,597,145.0,46.0,58,0
0,0,0,307,0,0,0,597,597,145.0,46.0,58,0
291,49,391,20,135,65,70,597,597,145.0,46.0,58,0
100,24,560,0,0,0,0,597,597,145.0,46.0,58,0
50,532,2,8,9,279,150,597,597,145.0,46.0,58,0
0,8,0,0,0,1,112,597,597,145.0,46.0,58,0
0,0,0,0,0,0,0,597,597,145.0,46.0,58,0
137,105,105,0,0,597,597,597,597,145.0,46.0,58,1
50,100,0,0,1,360,296,597,597,145.0,46.0,58,0
311,548,17,9,597,576,296,597,597,145.0,46.0,58,0
0,0,0,0,0,36,100,597,597,145.0,46.0,58,0
0,0,0,0,0,0,0,597,597,145.0,46.0,58,0
16,4,150,308,3,276,0,597,597,145.0,46.0,58,0
0,310,0,18,102,359,520,597,597,145.0,46.0,58,0
324,100,547,100,99,273,150,597,597,145.0,46.0,58,0
0,585,356,549,70,22,352,597,597,145.0,46.0,58,0
520,149,576,37,296,336,50,597,597,145.0,46.0,58,0
1,100,304,311,34,16,4,597,597,145.0,46.0,58,0
50,532,2,8,9,279,264,597,597,145.0,46.0,58,0
0,8,3,561,512,0,0,597,597,145.0,46.0,58,0
120,3,353,385,99,373,597,597,597,145.0,46.0,58,0
547,520,0,291,402,0,40,597,597,145.0,46.0,58,0
293,512,2,1,113,518,86,597,597,145.0,46.0,58,0
0,0,7,292,7,584,324,597,597,145.0,46.0,58,0
2,0,353,51,100,521,274,597,597,145.0,46.0,58,0
306,50,0,292,296,544,19,597,597,145.0,46.0,58,0
583,0,2,530,0,22,0,597,597,145.0,46.0,58,0
0,0,0,0,0,0,4,597,597,145.0,46.0,58,0
50,100,0,0,1,339,296,597,597,145.0,46.0,58,0
0,0,0,0,18,0,16,597,597,145.0,46.0,58,0
311,0,17,9,597,576,296,597,597,145.0,46.0,58,0
120,0,0,100,0,0,0,597,597,145.0,46.0,58,0
4,50,21,102,0,64,576,597,597,145.0,46.0,58,0
4,4,293,49,402,33,152,597,597,145.0,46.0,58,0
324,101,49,100,99,73,150,597,597,145.0,46.0,58,0
24,4,150,310,3,273,0,597,597,145.0,46.0,58,0
0,296,0,18,304,359,520,597,597,145.0,46.0,58,0
0,52,592,324,292,321,537,597,597,145.0,46.0,58,0
137,105,105,0,0,597,597,597,597,145.0,46.0,58,1
150,0,0,0,0,0,0,597,597,145.0,46.0,58,0
0,597,355,564,23,580,518,597,597,145.0,46.0,58,0
0,592,54,549,70,22,352,597,597,145.0,46.0,58,0
50,532,2,8,9,279,276,597,597,145.0,46.0,58,0
0,0,0,0,0,0,0,597,597,145.0,46.0,58,0
6,84,406,22,0,3,132,597,597,145.0,46.0,58,0
137,105,105,0,0,597,597,597,597,145.0,46.0,58,1
50,100,0,0,1,339,296,597,597,145.0,46.0,58,0
311,0,17,9,597,566,296,597,597,145.0,46.0,58,0
291,49,391,19,337,563,70,597,597,145.0,46.0,58,0
0,0,0,0,0,0,0,597,597,145.0,46.0,58,0
38,4,150,309,3,273,0,597,597,145.0,46.0,58,0
0,288,0,18,404,359,520,597,597,145.0,46.0,58,0
324,101,49,100,99,25,150,597,597,145.0,46.0,58,0
0,592,54,549,70,22,352,597,597,145.0,46.0,58,0
0,36,296,0,0,0,0,597,597,145.0,46.0,58,0
50,532,2,8,9,279,276,597,597,145.0,46.0,58,0
0,8,3,561,512,0,0,597,597,145.0,46.0,58,0
120,3,353,385,99,323,583,597,597,145.0,46.0,58,0
547,520,0,291,114,0,40,597,597,145.0,46.0,58,0
293,512,2,1,113,518,86,597,597,145.0,46.0,58,0
0,0,7,278,309,584,324,597,597,145.0,46.0,58,0
2,296,353,101,275,1,352,597,597,145.0,46.0,58,0
306,50,0,292,296,537,518,597,597,145.0,46.0,58,0
0,100,0,0,324,33,137,597,597,145.0,46.0,58,0
582,0,2,530,0,24,0,597,597,145.0,46.0,58,0
0,0,0,0,0,0,4,597,597,145.0,46.0,58,0
50,100,0,0,1,326,0,597,597,145.0,46.0,58,0
0,0,0,0,18,0,16,597,597,145.0,46.0,58,0
311,0,17,9,597,576,296,597,597,145.0,46.0,58,0
0,0,0,0,0,36,100,597,597,145.0,46.0,58,0
120,0,0,100,0,0,0,597,597,145.0,46.0,58,0
4,4,293,49,402,33,102,597,597,145.0,46.0,58,0
324,101,49,100,98,581,150,597,597,145.0,46.0,58,0
8,50,21,102,0,64,576,597,597,145.0,46.0,58,0
52,4,150,309,3,272,0,597,597,145.0,46.0,58,0
0,274,0,19,2,359,520,597,597,145.0,46.0,58,0
0,54,584,324,292,321,537,597,597,145.0,46.0,58,0
137,105,105,0,0,597,597,597,597,145.0,46.0,58,1
150,0,0,0,0,0,0,597,597,145.0,46.0,58,0
0,597,355,564,23,580,518,597,597,145.0,46.0,58,0
0,592,54,549,70,22,352,597,597,145.0,46.0,58,0
50,532,2,8,9,279,264,597,597,145.0,46.0,58,0
23,16,121,113,16,116,8,597,597,145.0,46.0,58,0
0,0,0,0,0,0,0,597,597,145.0,46.0,58,0
0,4,50,370,1,0,50,597,597,145.0,46.0,58,0
0,0,0,0,2,0,36,597,597,145.0,46.0,58,0
50,100,0,0,1,326,0,597,597,145.0,46.0,58,0
311,0,17,9,597,566,296,597,597,145.0,46.0,58,0
0,0,0,0,0,0,0,597,597,145.0,46.0,58,0
66,4,150,308,3,272,0,597,597,145.0,46.0,58,0
0,260,0,19,102,359,520,597,597,145.0,46.0,58,0
137,105,105,0,0,597,597,597,597,145.0,46.0,58,1
324,100,547,100,98,583,150,597,597,145.0,46.0,58,0
0,592,54,549,70,22,352,597,597,145.0,46.0,58,0
99,597,296,0,0,18,86,597,597,145.0,46.0,58,0
0,8,0,0,0,1,112,597,597,145.0,46.0,58,0
291,49,391,320,338,261,70,597,597,145.0,46.0,58,0
50,532,2,8,9,279,264,597,597,145.0,46.0,58,0
0,8,3,561,512,0,0,597,597,145.0,46.0,58,0
120,3,353,376,401,323,597,597,597,145.0,46.0,58,0
547,520,0,290,520,0,40,597,597,145.0,46.0,58,0
293,512,2,1,113,518,86,597,597,145.0,46.0,58,0
0,0,7,257,7,584,352,597,597,145.0,46.0,58,0
2,50,353,325,403,73,520,597,597,145.0,46.0,58,0
306,50,0,293,296,537,121,597,597,145.0,46.0,58,0
581,0,2,530,0,32,0,597,597,145.0,46.0,58,0
0,0,0,0,0,0,4,597,597,145.0,46.0,58,0
50,100,0,0,1,305,0,597,597,145.0,46.0,58,0
0,0,0,0,18,0,16,597,597,145.0,46.0,58,0
311,0,17,9,597,566,296,597,597,145.0,46.0,58,0
120,0,0,100,0,0,0,597,597,145.0,46.0,58,0
18,50,21,102,0,64,576,597,597,145.0,46.0,58,0
4,4,293,49,402,33,102,597,597,145.0,46.0,58,0
324,100,547,100,98,535,150,597,597,145.0,46.0,58,0
80,4,150,309,3,264,0,597,597,145.0,46.0,58,0
0,150,0,19,304,359,520,597,597,145.0,46.0,58,0
0,56,582,324,292,321,537,597,597,145.0,46.0,58,0
137,105,105,0,0,597,597,597,597,145.0,46.0,58,1
150,0,0,0,0,0,0,597,597,145.0,46.0,58,0
0,597,355,564,23,580,518,597,597,145.0,46.0,58,0
0,592,356,549,70,22,352,597,597,145.0,46.0,58,0
0,0,104,2,296,96,0,597,597,145.0,46.0,58,0
4,0,0,0,0,4,0,597,597,145.0,46.0,58,0
50,532,2,8,9,279,264,597,597,145.0,46.0,58,0
0,0,0,0,0,0,0,597,597,145.0,46.0,58,0
6,83,306,22,0,3,132,597,597,145.0,46.0,58,0
50,100,0,0,1,291,296,597,597,145.0,46.0,58,0
311,50,17,9,597,566,296,597,597,145.0,46.0,58,0
0,0,0,0,0,36,100,597,597,153.0,51.0,62,0
0,0,0,0,0,0,0,597,597,153.0,51.0,62,0
88,4,150,308,3,264,0,597,597,153.0,51.0,62,0
0,136,0,19,404,359,520,597,597,153.0,51.0,62,0
324,100,547,100,98,391,150,597,597,153.0,51.0,62,0
137,105,105,0,0,597,597,597,597,153.0,51.0,62,1
0,7,134,528,390,360,0,597,597,153.0,51.0,62,0
0,592,54,549,70,22,352,597,597,153.0,51.0,62,0
0,0,32,50,0,101,0,597,597,153.0,51.0,62,0
393,595,597,596,597,567,536,597,597,153.0,51.0,62,0
1,323,409,512,49,88,408,597,597,153.0,51.0,62,0
50,532,2,8,9,279,276,597,597,153.0,51.0,62,0
0,2,0,296,0,0,0,597,597,153.0,51.0,62,0
0,8,3,561,534,0,0,597,597,153.0,51.0,62,0
120,3,353,377,401,373,583,597,597,153.0,51.0,62,0
547,520,0,290,136,0,40,597,597,153.0,51.0,62,0
294,512,2,1,113,518,86,597,597,153.0,51.0,62,0
0,0,7,147,309,584,352,597,597,153.0,51.0,62,0
2,352,353,403,577,276,0,597,597,153.0,51.0,62,0
306,50,0,323,296,536,296,597,597,153.0,51.0,62,0
580,0,2,530,0,34,0,597,597,153.0,51.0,62,0
0,0,0,0,0,0,4,597,597,153.0,51.0,62,0
50,100,0,0,1,291,296,597,597,153.0,51.0,62,0
291,49,392,17,137,65,70,597,597,153.0,51.0,62,0
0,0,0,0,18,0,16,597,597,153.0,51.0,62,0
311,50,17,9,597,566,296,597,597,153.0,51.0,62,0
120,0,0,100,0,0,0,597,597,153.0,51.0,62,0
4,4,293,49,402,33,152,597,597,153.0,51.0,62,0
324,100,547,100,98,343,150,597,597,153.0,51.0,62,0
22,50,21,102,0,64,576,597,597,153.0,51.0,62,0
102,4,150,310,3,261,0,597,597,153.0,51.0,62,0
0,128,0,20,2,359,520,597,597,153.0,51.0,62,0
0,64,580,324,292,321,537,597,597,153.0,51.0,62,0
137,105,105,0,0,597,597,597,597,153.0,51.0,62,1
150,0,0,0,0,0,0,597,597,153.0,51.0,62,0
0,597,355,564,23,580,518,597,597,153.0,51.0,62,0
0,592,54,549,70,22,352,597,597,153.0,51.0,62,0
0,0,0,0,0,0,0,597,597,153.0,51.0,62,0
0,1,0,296,22,0,0,597,597,153.0,51.0,62,0
50,532,2,8,9,279,258,597,597,153.0,51.0,62,0
36,19,100,100,0,1,36,597,597,153.0,51.0,62,0
5,2,404,96,281,100,297,597,597,153.0,51.0,62,0
0,104,320,132,296,23,352,597,597,153.0,51.0,62,0
0,150,0,0,0,0,0,597,597,153.0,51.0,62,0
0,4,0,71,0,0,0,597,597,153.0,51.0,62,0
0,0,0,0,0,0,0,597,597,153.0,51.0,62,0
4,150,114,66,546,531,36,597,597,153.0,51.0,62,0
1,33,304,19,2,582,117,597,597,153.0,51.0,62,0
2,296,296,72,54,5,296,597,597,153.0,51.0,62,0
0,0,2,566,516,0,0,597,597,153.0,51.0,62,0
50,100,0,0,1,264,296,597,597,153.0,51.0,62,0
311,50,17,9,597,566,296,597,597,153.0,51.0,62,0
0,0,0,0,0,0,0,597,597,153.0,51.0,62,0
116,4,150,309,3,261,0,597,597,153.0,51.0,62,0
0,114,0,20,102,359,520,597,597,153.0,51.0,62,0
137,105,105,0,0,597,597,597,597,153.0,51.0,62,1
324,100,547,100,98,295,150,597,597,153.0,51.0,62,0
0,592,54,549,70,22,352,597,597,153.0,51.0,62,0
0,8,0,0,0,0,0,597,597,153.0,51.0,62,0
32,133,0,0,0,136,0,597,597,153.0,51.0,62,0
340,1,2,4,375,2,100,597,597,153.0,51.0,62,0
296,0,0,0,0,0,0,597,597,153.0,51.0,62,0
36,2,0,0,0,0,0,597,597,153.0,51.0,62,0
50,532,2,8,9,279,290,597,597,153.0,51.0,62,0
23,16,121,115,16,514,8,597,597,153.0,51.0,62,0
0,4,50,370,1,0,50,597,597,153.0,51.0,62,0
0,8,3,561,534,0,0,597,597,153.0,51.0,62,0
120,3,353,375,401,323,583,597,597,153.0,51.0,62,0
547,520,0,289,548,0,40,597,597,153.0,51.0,62,0
294,512,2,1,113,518,86,597,597,153.0,51.0,62,0
0,0,7,120,7,584,374,597,597,153.0,51.0,62,0
2,352,353,578,23,354,72,597,597,153.0,51.0,62,0
306,50,0,323,296,536,101,597,597,153.0,51.0,62,0
579,0,2,530,0,36,0,597,597,153.0,51.0,62,0
0,0,0,0,0,0,4,597,597,153.0,51.0,62,0
50,100,0,0,1,147,296,597,597,153.0,51.0,62,0
0,0,32,3,278,0,0,597,597,153.0,51.0,62,0
0,0,0,0,18,0,16,597,597,153.0,51.0,62,0
311,50,17,9,597,566,296,597,597,153.0,51.0,62,0
4,4,293,49,402,33,102,597,597,153.0,51.0,62,0
324,100,547,100,50,101,150,597,597,153.0,51.0,62,0
0,0,0,0,0,36,100,597,597,153.0,51.0,62,0
120,0,0,100,0,0,0,597,597,153.0,51.0,62,0
118,296,37,101,150,22,48,597,597,153.0,51.0,62,0
54,0,0,576,16,128,0,597,597,153.0,51.0,62,0
22,150,534,0,0,0,8,597,597,153.0,51.0,62,0
32,50,21,102,0,64,576,597,597,153.0,51.0,62,0
130,4,150,309,3,260,0,597,597,153.0,51.0,62,0
0,100,0,20,304,359,520,597,597,153.0,51.0,62,0
0,66,578,324,292,321,537,597,597,153.0,51.0,62,0
137,105,105,0,0,597,597,597,597,153.0,51.0,62,1
150,0,0,0,0,0,0,597,597,153.0,51.0,62,0
0,597,355,564,23,580,518,597,597,153.0,51.0,62,0
0,592,54,549,70,22,352,597,597,153.0,51.0,62,0
0,0,0,36,0,0,0,597,597,153.0,51.0,62,0
0,0,0,307,0,0,0,597,597,153.0,51.0,62,0
291,49,391,515,37,361,70,597,597,153.0,51.0,62,0
50,532,2,8,9,279,264,597,597,153.0,51.0,62,0
100,24,560,0,0,0,0,597,597,153.0,51.0,62,0
0,8,0,0,0,1,112,597,597,153.0,51.0,62,0
0,0,0,0,0,0,0,597,597,153.0,51.0,62,0
6,83,306,22,0,3,132,597,597,153.0,51.0,62,0
567,519,294,597,581,569,295,597,597,153.0,51.0,62,0
50,100,0,0,1,147,296,597,597,153.0,51.0,62,0
311,100,17,9,597,566,296,597,597,153.0,51.0,62,0
0,0,0,0,0,0,0,597,597,153.0,51.0,62,0
144,4,150,308,3,260,0,597,597,153.0,51.0,62,0
0,86,0,20,404,359,520,597,597,153.0,51.0,62,0
137,105,105,0,0,597,597,597,597,153.0,51.0,62,1
324,100,547,100,50,53,150,597,597,153.0,51.0,62,0
0,592,54,549,70,22,352,597,597,153.0,51.0,62,0
520,149,576,37,100,336,50,597,597,153.0,51.0,62,0
21,0,21,372,48,548,0,597,597,153.0,51.0,62,0
1,100,304,311,34,16,4,597,597,153.0,51.0,62,0
50,532,2,8,9,279,258,597,597,153.0,51.0,62,0
0,8,3,561,534,0,0,597,597,153.0,51.0,62,0
120,3,353,375,401,323,597,597,597,153.0,51.0,62,0
547,520,0,289,260,0,40,597,597,153.0,51.0,62,0
294,512,2,1,113,518,86,597,597,153.0,51.0,62,0
0,0,7,98,309,584,402,597,597,153.0,51.0,62,0
3,296,354,24,101,528,274,597,597,153.0,51.0,62,0
306,50,0,324,296,535,404,597,597,153.0,51.0,62,0
578,0,2,530,0,38,0,597,597,153.0,51.0,62,0
0,0,0,0,0,0,4,597,597,153.0,51.0,62,0
50,100,0,0,1,134,0,597,597,153.0,51.0,62,0
0,0,0,0,18,0,16,597,597,153.0,51.0,62,0
311,100,17,9,597,576,296,597,597,153.0,51.0,62,0
120,0,0,100,0,0,0,597,597,153.0,51.0,62,0
36,50,21,102,0,64,576,597,597,153.0,51.0,62,0
4,4,293,49,402,33,152,597,597,153.0,51.0,62,0
324,100,547,100,50,5,150,597,597,153.0,51.0,62,0
152,4,150,309,3,258,0,597,597,153.0,51.0,62,0
0,72,0,21,2,359,520,597,597,153.0,51.0,62,0
0,68,576,324,292,321,537,597,597,153.0,51.0,62,0
137,105,105,0,0,597,597,597,597,153.0,51.0,62,1
150,0,0,0,0,0,0,597,597,153.0,51.0,62,0
0,597,355,564,23,580,518,597,597,153.0,51.0,62,0
0,592,54,549,70,22,352,597,597,153.0,51.0,62,0
0,0,0,0,41,8,0,597,597,153.0,51.0,62,0
50,532,2,8,9,279,264,597,597,153.0,51.0,62,0
0,0,0,0,0,0,0,597,597,153.0,51.0,62,0
137,105,105,0,0,597,597,597,597,153.0,51.0,62,1
50,100,0,0,1,134,0,597,597,153.0,51.0,62,0
291,49,390,515,144,261,70,597,597,153.0,51.0,62,0
311,150,17,9,597,576,296,597,597,153.0,51.0,62,0
0,0,0,0,0,36,100,597,597,153.0,51.0,62,0
0,0,0,0,0,0,0,597,597,153.0,51.0,62,0
262,4,150,308,3,258,0,597,597,153.0,51.0,62,0
324,100,547,100,99,561,150,597,597,153.0,51.0,62,0
0,64,0,21,102,359,520,597,597,153.0,51.0,62,0
0,592,356,549,70,22,352,597,597,153.0,51.0,62,0
0,36,296,0,0,0,0,597,597,153.0,51.0,62,0
352,19,8,576,118,100,8,597,597,153.0,51.0,62,0
50,532,2,8,9,279,258,597,597,153.0,51.0,62,0
0,8,3,561,534,0,0,597,597,153.0,51.0,62,0
120,3,353,374,401,373,597,597,597,153.0,51.0,62,0
547,520,0,288,576,0,40,597,597,153.0,51.0,62,0
294,512,2,1,113,518,86,597,597,153.0,51.0,62,0
0,0,7,85,7,584,402,597,597,153.0,51.0,62,0
3,0,354,102,276,2,352,597,597,153.0,51.0,62,0
306,50,0,325,296,535,103,597,597,153.0,51.0,62,0
0,100,0,0,324,32,144,597,597,153.0,51.0,62,0
577,0,2,530,0,40,0,597,597,153.0,51.0,62,0
0,0,0,0,0,0,4,597,597,153.0,51.0,62,0
50,0,0,0,1,121,0,597,597,153.0,51.0,62,0
0,0,0,0,18,0,16,597,597,153.0,51.0,62,0
311,150,17,9,597,576,296,597,597,153.0,51.0,62,0
120,0,0,100,0,0,0,597,597,153.0,51.0,62,0
40,50,21,102,0,64,576,597,597,153.0,51.0,62,0
324,100,547,100,99,513,150,597,597,153.0,51.0,62,0
276,4,150,309,3,256,0,597,597,153.0,51.0,62,0
0,50,0,21,304,359,520,597,597,153.0,51.0,62,0
0,70,568,324,292,321,537,597,597,153.0,51.0,62,0
137,105,105,0,0,597,597,597,597,153.0,51.0,62,1
150,0,0,0,0,0,0,597,597,153.0,51.0,62,0
0,597,355,564,23,580,518,597,597,153.0,51.0,62,0
0,592,356,549,70,22,352,597,597,153.0,51.0,62,0
22,0,0,101,304,72,0,597,597,153.0,51.0,62,0
296,519,374,121,403,594,375,597,597,153.0,51.0,62,0
50,532,2,8,9,279,258,597,597,153.0,51.0,62,0
23,16,121,119,17,116,8,597,597,153.0,51.0,62,0
0,0,0,0,0,0,0,597,597,153.0,51.0,62,0
6,82,406,22,0,3,132,597,597,153.0,51.0,62,0
0,0,8,0,0,0,0,597,597,153.0,51.0,62,0
0,2,0,0,296,0,0,597,597,153.0,51.0,62,0
50,3,40,4,8,338,520,597,597,153.0,51.0,62,0
1,0,0,0,0,8,296,597,597,153.0,51.0,62,0
0,150,2,8,0,2,50,597,597,153.0,51.0,62,0
0,0,0,0,2,0,36,597,597,153.0,51.0,62,0
65,36,99,1,6,8,1,597,597,153.0,51.0,62,0
50,0,0,0,1,113,296,597,597,153.0,51.0,62,0
311,150,17,9,597,576,296,597,597,153.0,51.0,62,0
0,0,0,0,0,0,0,597,597,153.0,51.0,62,0
290,4,150,308,3,256,0,597,597,153.0,51.0,62,0
0,36,0,21,404,359,520,597,597,153.0,51.0,62,0
137,105,105,0,0,597,597,597,597,153.0,51.0,62,1
324,100,547,100,99,369,150,597,597,153.0,51.0,62,0
0,592,356,549,70,22,352,597,597,153.0,51.0,62,0
99,597,296,0,0,18,86,597,597,153.0,51.0,62,0
0,4,50,370,1,0,50,597,597,153.0,51.0,62,0
103,7,80,86,373,354,34,597,597,153.0,51.0,62,0
0,8,0,0,0,1,112,597,597,153.0,51.0,62,0
0,2,4,0,87,374,0,597,597,153.0,51.0,62,0
291,49,391,116,144,563,70,597,597,153.0,51.0,62,0
50,532,2,8,9,279,276,597,597,153.0,51.0,62,0
50,276,0,0,0,146,102,597,597,153.0,51.0,62,0
0,8,3,561,534,0,0,597,597,153.0,51.0,62,0
120,3,353,373,401,323,583,597,597,153.0,51.0,62,0
0,0,0,0,1,0,0,597,597,153.0,51.0,62,0
547,520,0,288,288,0,40,597,597,153.0,51.0,62,0
294,512,2,1,113,518,86,597,597,153.0,51.0,62,0
0,0,7,57,309,584,520,597,597,153.0,51.0,62,0
3,352,354,276,354,80,520,597,597,153.0,51.0,62,0
306,50,0,326,296,534,406,597,597,153.0,51.0,62,0
576,0,2,530,0,48,0,597,597,153.0,51.0,62,0
0,0,0,0,0,0,4,597,597,153.0,51.0,62,0
50,0,0,0,1,113,296,597,597,153.0,51.0,62,0
0,0,0,0,18,0,16,597,597,153.0,51.0,62,0
311,150,17,9,597,576,296,597,597,153.0,51.0,62,0
0,0,0,0,0,36,100,597,597,153.0,51.0,62,0
120,0,0,100,0,0,0,597,597,153.0,51.0,62,0
4,4,293,49,402,33,102,597,597,153.0,51.0,62,0
324,100,547,100,99,321,150,597,597,153.0,51.0,62,0
0,50,21,102,0,64,576,597,597,153.0,51.0,62,0
2,4,150,337,3,152,0,597,597,153.0,51.0,62,0
0,324,0,18,2,359,520,597,597,153.0,51.0,62,0
0,50,594,324,292,321,537,597,597,153.0,51.0,62,0
137,105,105,0,0,597,597,597,597,153.0,51.0,62,1
150,0,0,0,0,0,0,597,597,153.0,51.0,62,0
0,597,355,564,23,580,518,597,597,153.0,51.0,62,0
0,592,356,549,70,22,352,597,597,153.0,51.0,62,0
0,0,104,2,296,96,0,597,597,153.0,51.0,62,0
16,112,119,4,149,404,373,597,597,153.0,51.0,62,0
50,532,2,8,9,279,264,597,597,153.0,51.0,62,0
4,0,0,0,0,4,0,597,597,153.0,51.0,62,0
0,0,0,0,0,0,0,597,597,153.0,51.0,62,0
137,105,105,0,0,597,597,597,597,153.0,51.0,62,1
50,0,0,0,1,374,296,597,597,153.0,51.0,62,0
311,296,17,9,597,576,296,597,597,153.0,51.0,62,0
0,0,0,0,0,0,0,597,597,153.0,51.0,62,0
16,4,150,336,3,152,0,597,597,153.0,51.0,62,0
0,310,0,18,102,359,520,597,597,153.0,51.0,62,0
0,7,135,24,390,352,0,597,597,153.0,51.0,62,0
324,100,547,100,99,273,150,597,597,153.0,51.0,62,0
0,592,356,549,70,22,352,597,597,153.0,51.0,62,0
0,0,25,548,0,101,0,597,597,153.0,51.0,62,0
50,532,2,8,9,279,150,597,597,153.0,51.0,62,0
0,2,0,296,0,0,0,597,597,153.0,51.0,62,0
0,8,3,561,534,0,0,597,597,153.0,51.0,62,0
120,3,353,373,401,121,583,597,597,153.0,51.0,62,0
547,520,0,295,296,0,40,597,597,153.0,51.0,62,0
294,512,2,1,113,518,86,597,597,153.0,51.0,62,0
0,0,7,324,7,584,548,597,597,153.0,51.0,62,0
3,352,354,354,528,153,0,597,597,153.0,51.0,62,0
306,50,0,326,296,534,307,597,597,153.0,51.0,62,0
597,0,2,530,0,0,0,597,597,153.0,51.0,62,0
0,0,0,0,0,0,4,597,597,153.0,51.0,62,0
50,0,0,0,1,353,296,597,597,153.0,51.0,62,0
291,49,391,513,39,361,70,597,597,153.0,51.0,62,0
1,323,409,514,49,68,544,597,597,153.0,51.0,62,0
0,0,0,0,18,0,16,597,597,153.0,51.0,62,0
311,296,17,9,597,576,296,597,597,153.0,51.0,62,0
4,4,293,49,402,33,102,597,597,153.0,51.0,62,0
324,100,547,100,99,129,150,597,597,153.0,51.0,62,0
120,0,0,100,0,0,0,597,597,153.0,51.0,62,0
4,50,21,304,0,64,576,597,597,153.0,51.0,62,0
24,4,150,336,3,151,0,597,597,153.0,51.0,62,0
0,296,0,18,304,359,520,597,597,153.0,51.0,62,0
0,52,592,324,292,321,537,597,597,153.0,51.0,62,0
137,105,105,0,0,597,597,597,597,153.0,51.0,62,1
150,0,0,0,0,0,0,597,597,153.0,51.0,62,0
0,597,355,564,23,580,518,597,597,153.0,51.0,62,0
0,592,54,549,70,22,352,597,597,153.0,51.0,62,0
0,0,0,0,0,0,0,597,597,153.0,51.0,62,0
0,4,0,69,0,0,0,597,597,153.0,51.0,62,0
50,532,2,8,9,279,276,597,597,153.0,51.0,62,0
36,19,100,100,0,1,36,597,597,153.0,51.0,62,0
5,2,404,96,281,100,297,597,597,153.0,51.0,62,0
0,104,320,132,296,23,352,597,597,153.0,51.0,62,0
0,150,0,0,0,0,0,597,597,153.0,51.0,62,0
4,150,114,66,546,531,36,597,597,153.0,51.0,62,0
1,33,304,19,2,582,117,597,597,153.0,51.0,62,0
0,0,0,0,0,0,0,597,597,153.0,51.0,62,0
6,83,104,22,0,3,132,597,597,153.0,51.0,62,0
2,304,296,72,54,5,296,597,597,153.0,51.0,62,0
50,0,0,0,1,353,296,597,597,153.0,51.0,62,0
311,352,17,9,597,576,296,597,597,153.0,51.0,62,0
0,0,0,0,0,36,100,597,597,153.0,51.0,62,0
0,0,0,0,0,0,0,597,597,153.0,51.0,62,0
38,4,150,329,3,151,0,597,597,153.0,51.0,62,0
0,288,0,18,404,359,520,597,597,153.0,51.0,62,0
324,100,547,100,99,81,150,597,597,153.0,51.0,62,0
137,105,105,0,0,597,597,597,597,153.0,51.0,62,1
0,592,356,549,70,22,352,597,597,153.0,51.0,62,0
0,22,0,0,0,0,0,597,597,153.0,51.0,62,0
32,133,0,0,0,136,0,597,597,153.0,51.0,62,0
340,1,2,4,375,2,100,597,597,153.0,51.0,62,0
50,532,2,8,9,279,258,597,597,153.0,51.0,62,0
23,16,121,117,16,514,8,597,597,153.0,51.0,62,0
1,4,5,360,101,355,548,597,597,153.0,51.0,62,0
0,4,50,370,1,0,50,597,597,153.0,51.0,62,0
0,8,3,561,534,0,0,597,597,153.0,51.0,62,0
120,3,353,371,401,121,597,597,597,153.0,51.0,62,0
547,520,0,295,8,0,40,597,597,153.0,51.0,62,0
294,512,2,1,113,518,86,597,597,153.0,51.0,62,0
0,0,7,310,309,584,548,597,597,153.0,51.0,62,0
3,0,354,529,2,327,72,597,597,153.0,51.0,62,0
306,50,0,327,296,534,6,597,597,153.0,51.0,62,0
596,0,2,530,0,2,0,597,597,153.0,51.0,62,0
0,0,0,0,0,0,4,597,597,153.0,51.0,62,0
50,0,0,0,1,340,0,597,597,153.0,51.0,62,0
0,0,32,3,278,0,0,597,597,153.0,51.0,62,0
0,0,0,0,18,0,16,597,597,153.0,51.0,62,0
311,352,17,9,597,576,296,597,597,153.0,51.0,62,0
4,4,293,49,402,33,102,597,597,153.0,51.0,62,0
324,100,547,100,99,33,150,597,597,153.0,51.0,62,0
120,0,0,100,0,0,0,597,597,153.0,51.0,62,0
118,296,37,101,150,22,48,597,597,153.0,51.0,62,0
54,0,0,576,16,150,0,597,597,153.0,51.0,62,0
22,150,534,0,0,0,8,597,597,153.0,51.0,62,0
8,50,21,304,0,64,576,597,597,153.0,51.0,62,0
0,54,584,324,292,321,537,597,597,153.0,51.0,62,0
137,105,105,0,0,597,597,597,597,153.0,51.0,62,1
150,0,0,0,0,0,0,597,597,153.0,51.0,62,0
0,597,355,564,23,580,518,597,597,153.0,51.0,62,0
0,592,54,549,70,22,352,597,597,153.0,51.0,62,0
0,0,0,36,0,0,0,597,597,153.0,51.0,62,0
0,0,0,307,0,0,0,597,597,153.0,51.0,62,0
291,49,391,310,544,65,70,597,597,153.0,51.0,62,0
100,24,560,0,0,0,0,597,597,153.0,51.0,62,0
50,532,2,8,9,279,264,597,597,153.0,51.0,62,0
0,8,0,0,0,1,112,597,597,153.0,51.0,62,0
593,400,597,583,281,401,545,597,597,153.0,51.0,62,0
0,0,0,0,0,0,0,597,597,153.0,51.0,62,0
98,40,402,3,137,516,0,597,597,153.0,51.0,62,0
137,105,105,0,0,597,597,597,597,153.0,51.0,62,1
50,0,0,0,1,340,0,597,597,153.0,51.0,62,0
311,352,17,9,597,576,296,597,597,153.0,51.0,62,0
0,0,0,0,0,0,0,597,597,153.0,51.0,62,0
66,4,150,329,3,149,0,597,597,153.0,51.0,62,0
0,260,0,19,102,359,520,597,597,153.0,51.0,62,0
324,100,547,100,98,583,150,597,597,153.0,51.0,62,0
0,592,356,549,70,22,352,597,597,153.0,51.0,62,0
520,149,576,37,100,336,50,597,597,153.0,51.0,62,0
1,100,304,311,34,16,4,597,597,153.0,51.0,62,0
50,532,2,8,9,279,264,597,597,153.0,51.0,62,0
0,8,3,561,534,0,0,597,597,153.0,51.0,62,0
120,3,353,371,401,323,597,597,597,153.0,51.0,62,0
547,520,0,294,324,0,40,597,597,153.0,51.0,62,0
294,512,2,1,113,518,86,597,597,153.0,51.0,62,0
0,0,7,297,7,584,548,597,597,153.0,51.0,62,0
3,352,355,3,80,377,128,597,597,153.0,51.0,62,0
306,50,0,329,296,533,113,597,597,153.0,51.0,62,0
595,0,2,530,0,4,0,597,597,153.0,51.0,62,0
0,0,0,0,0,0,4,597,597,153.0,51.0,62,0
50,402,0,0,1,327,0,597,597,153.0,51.0,62,0
0,0,0,0,18,0,16,597,597,153.0,51.0,62,0
311,352,17,9,597,576,296,597,597,153.0,51.0,62,0
0,0,0,0,0,36,100,597,597,153.0,51.0,62,0
120,0,0,100,0,0,0,597,597,153.0,51.0,62,0
4,4,293,49,402,33,102,597,597,153.0,51.0,62,0
324,100,547,100,98,535,150,597,597,153.0,51.0,62,0
18,50,21,304,0,64,576,597,597,153.0,51.0,62,0
80,4,150,337,3,146,0,597,597,153.0,51.0,62,0
0,150,0,19,304,359,520,597,597,153.0,51.0,62,0
0,56,582,324,292,321,537,597,597,153.0,51.0,62,0
137,105,105,0,0,597,597,597,597,153.0,51.0,62,1
150,0,0,0,0,0,0,597,597,153.0,51.0,62,0
0,597,355,564,23,580,518,597,597,153.0,51.0,62,0
0,592,54,549,70,22,352,597,597,153.0,51.0,62,0
50,532,2,8,9,279,264,597,597,153.0,51.0,62,0
0,0,0,0,0,0,0,597,597,153.0,51.0,62,0
6,83,306,22,0,3,132,597,597,153.0,51.0,62,0
296,0,50,1,0,0,0,597,597,153.0,51.0,62,0
137,105,105,0,0,597,597,597,597,153.0,51.0,62,1
50,402,0,0,1,313,296,597,597,153.0,51.0,62,0
311,352,17,9,597,576,296,597,597,153.0,51.0,62,0
291,49,391,409,544,563,70,597,597,153.0,51.0,62,0
0,0,0,0,0,0,0,597,597,153.0,51.0,62,0
88,4,150,336,3,146,0,597,597,153.0,51.0,62,0
0,136,0,19,404,359,520,597,597,153.0,51.0,62,0
324,100,547,100,98,391,150,597,597,153.0,51.0,62,0
0,592,356,549,70,22,352,597,597,153.0,51.0,62,0
0,36,296,0,0,0,0,597,597,153.0,51.0,62,0
50,532,2,8,9,279,276,597,597,153.0,51.0,62,0
0,8,3,561,534,0,0,597,597,153.0,51.0,62,0
120,3,353,373,99,323,597,597,597,153.0,51.0,62,0
547,520,0,294,36,0,40,597,597,153.0,51.0,62,0
294,512,2,1,113,518,86,597,597,153.0,51.0,62,0
0,0,7,261,309,585,0,597,597,153.0,51.0,62,0
3,352,355,103,276,551,296,597,597,153.0,51.0,62,0
306,50,0,329,296,533,8,597,597,153.0,51.0,62,0
0,100,0,0,324,25,145,597,597,153.0,51.0,62,0
594,0,2,530,0,6,0,597,597,153.0,51.0,62,0
0,0,0,0,0,0,4,597,597,153.0,51.0,62,0
50,402,0,0,1,313,296,597,597,153.0,51.0,62,0
0,0,0,0,18,0,16,597,597,153.0,51.0,62,0
311,352,17,9,597,576,296,597,597,153.0,51.0,62,0
120,0,0,100,0,0,0,597,597,153.0,51.0,62,0
22,50,21,304,0,64,576,597,597,153.0,51.0,62,0
4,4,293,49,402,33,152,597,597,146.0,50.0,58,0
324,100,547,100,98,343,150,597,597,146.0,50.0,58,0
102,4,150,336,3,145,0,597,597,146.0,50.0,58,0
0,128,0,20,2,359,520,597,597,146.0,50.0,58,0
0,64,580,324,292,321,537,597,597,146.0,50.0,58,0
137,105,105,0,0,597,597,597,597,146.0,50.0,58,1
150,0,0,0,0,0,0,597,597,146.0,50.0,58,0
0,597,355,564,23,580,518,597,597,146.0,50.0,58,0
0,585,356,549,70,22,352,597,597,146.0,50.0,58,0
50,532,2,8,9,279,258,597,597,146.0,50.0,58,0
23,16,121,115,16,514,8,597,597,146.0,50.0,58,0
0,0,0,0,0,0,0,597,597,146.0,50.0,58,0
23,0,50,0,2,129,22,597,597,146.0,50.0,58,0
50,0,0,0,50,0,0,597,597,146.0,50.0,58,0
0,4,50,370,1,0,50,597,597,146.0,50.0,58,0
0,0,0,0,2,0,36,597,597,146.0,50.0,58,0
50,402,0,0,1,292,296,597,597,146.0,50.0,58,0
311,402,17,9,597,576,296,597,597,146.0,50.0,58,0
0,0,0,0,0,36,100,597,597,146.0,50.0,58,0
0,0,0,0,0,0,0,597,597,146.0,50.0,58,0
116,4,150,329,3,145,0,597,597,146.0,50.0,58,0
324,100,547,100,98,295,150,597,597,146.0,50.0,58,0
0,114,0,20,102,359,520,597,597,146.0,50.0,58,0
137,105,105,0,0,597,597,597,597,146.0,50.0,58,1
0,592,54,549,70,22,352,597,597,146.0,50.0,58,0
99,597,296,0,0,18,86,597,597,146.0,50.0,58,0
0,8,0,0,0,1,112,597,597,146.0,50.0,58,0
291,49,391,409,147,261,70,597,597,146.0,50.0,58,0
50,532,2,8,9,279,276,597,597,146.0,50.0,58,0
0,8,3,561,534,0,0,597,597,146.0,50.0,58,0
120,3,353,371,401,373,597,597,597,146.0,50.0,58,0
547,520,0,293,352,0,40,597,597,146.0,50.0,58,0
294,512,2,1,113,518,86,597,597,146.0,50.0,58,0
0,0,7,152,7,585,0,597,597,146.0,50.0,58,0
3,50,355,277,355,25,374,597,597,146.0,50.0,58,0
306,50,0,337,296,532,115,597,597,146.0,50.0,58,0
593,0,2,530,0,8,0,597,597,146.0,50.0,58,0
0,0,0,0,0,0,4,597,597,146.0,50.0,58,0
50,402,0,0,1,265,296,597,597,146.0,50.0,58,0
0,0,0,0,18,0,16,597,597,146.0,50.0,58,0
311,548,17,9,597,566,296,597,597,146.0,50.0,58,0
120,0,0,100,0,0,0,597,597,146.0,50.0,58,0
32,50,21,304,0,64,576,597,597,146.0,50.0,58,0
4,4,293,49,402,33,102,597,597,146.0,50.0,58,0
324,100,547,100,50,101,150,597,597,146.0,50.0,58,0
130,4,150,337,3,136,0,597,597,146.0,50.0,58,0
0,100,0,20,304,359,520,597,597,146.0,50.0,58,0
0,66,578,324,292,321,537,597,597,146.0,50.0,58,0
137,105,105,0,0,597,597,597,597,146.0,50.0,58,1
150,0,0,0,0,0,0,597,597,146.0,50.0,58,0
0,597,355,564,23,580,518,597,597,146.0,50.0,58,0
0,585,356,549,70,22,352,597,597,146.0,50.0,58,0
0,0,104,2,296,96,0,597,597,146.0,50.0,58,0
4,0,0,0,0,4,0,597,597,146.0,50.0,58,0
50,532,2,8,9,279,264,597,597,146.0,50.0,58,0
0,0,0,0,0,0,0,597,597,146.0,50.0,58,0
6,83,406,22,0,3,132,597,597,146.0,50.0,58,0
50,402,0,0,1,265,296,597,597,146.0,50.0,58,0
311,548,17,9,597,576,296,597,597,146.0,50.0,58,0
0,0,0,0,0,0,0,597,597,146.0,50.0,58,0
144,4,150,336,3,136,0,597,597,146.0,50.0,58,0
137,105,105,0,0,597,597,597,597,146.0,50.0,58,1
0,7,135,24,390,338,0,597,597,146.0,50.0,58,0
324,100,547,100,50,53,150,597,597,146.0,50.0,58,0
0,592,356,549,70,22,352,597,597,146.0,50.0,58,0
0,0,25,296,0,101,0,597,597,146.0,50.0,58,0
50,532,2,8,9,279,276,597,597,146.0,50.0,58,0
0,2,0,296,0,0,0,597,597,146.0,50.0,58,0
0,8,3,561,534,0,0,597,597,146.0,50.0,58,0
120,3,353,368,401,519,597,597,597,146.0,50.0,58,0
547,520,0,293,64,0,40,597,597,146.0,50.0,58,0
294,512,2,1,113,518,86,597,597,146.0,50.0,58,0
0,0,7,144,309,585,0,597,597,146.0,50.0,58,0
4,50,355,355,529,103,548,597,597,146.0,50.0,58,0
306,50,0,339,296,531,312,597,597,146.0,50.0,58,0
592,0,2,530,0,16,0,597,597,146.0,50.0,58,0
0,0,0,0,0,0,4,597,597,146.0,50.0,58,0
50,402,0,0,1,258,0,597,597,146.0,50.0,58,0
291,49,391,408,344,65,70,597,597,146.0,50.0,58,0
0,0,0,0,18,0,16,597,597,146.0,50.0,58,0
311,548,17,9,597,566,296,597,597,146.0,50.0,58,0
0,0,0,0,0,36,100,597,597,146.0,50.0,58,0
4,4,293,49,402,33,102,597,597,146.0,50.0,58,0
324,100,547,100,50,5,150,597,597,146.0,50.0,58,0
120,0,0,100,0,0,0,597,597,146.0,50.0,58,0
36,50,21,304,0,64,576,597,597,146.0,50.0,58,0
152,4,150,338,3,133,0,597,597,146.0,50.0,58,0
0,72,0,21,2,359,520,597,597,146.0,50.0,58,0
0,68,576,324,292,321,537,597,597,146.0,50.0,58,0
137,105,105,0,0,597,597,597,597,146.0,50.0,58,1
150,0,0,0,0,0,0,597,597,146.0,50.0,58,0
0,597,355,564,23,580,518,597,597,146.0,50.0,58,0
0,585,356,549,70,22,352,597,597,146.0,50.0,58,0
0,0,0,0,0,0,0,597,597,146.0,50.0,58,0
1,569,409,407,49,34,576,597,597,146.0,50.0,58,0
0,4,0,70,0,0,0,597,597,146.0,50.0,58,0
50,532,2,8,9,279,264,597,597,146.0,50.0,58,0
36,19,100,100,0,1,36,597,597,146.0,50.0,58,0
5,2,404,96,281,100,297,597,597,146.0,50.0,58,0
0,104,320,132,296,23,352,597,597,146.0,50.0,58,0
0,150,0,0,0,0,0,597,597,146.0,50.0,58,0
4,150,114,66,546,531,36,597,597,146.0,50.0,58,0
1,531,304,19,2,582,117,597,597,146.0,50.0,58,0
0,0,0,0,0,0,0,597,597,146.0,50.0,58,0
2,296,296,72,54,5,296,597,597,146.0,50.0,58,0
50,402,0,0,1,258,0,597,597,146.0,50.0,58,0
311,548,17,9,597,576,296,597,597,146.0,50.0,58,0
0,0,0,0,0,0,0,597,597,146.0,50.0,58,0
262,4,150,337,3,133,0,597,597,146.0,50.0,58,0
0,64,0,21,102,359,520,597,597,146.0,50.0,58,0
324,100,547,100,99,561,150,597,597,146.0,50.0,58,0
137,105,105,0,0,597,597,597,597,146.0,50.0,58,1
0,592,356,549,70,22,352,597,597,146.0,50.0,58,0
0,36,0,0,0,0,0,597,597,146.0,50.0,58,0
32,133,0,0,0,136,0,597,597,146.0,50.0,58,0
22,0,0,101,304,72,0,597,597,146.0,50.0,58,0
340,1,2,4,375,2,100,597,597,146.0,50.0,58,0
296,0,0,0,0,0,0,597,597,146.0,50.0,58,0
50,532,2,8,9,279,276,597,597,146.0,50.0,58,0
36,2,0,0,0,0,0,597,597,146.0,50.0,58,0
23,16,121,115,16,514,8,597,597,146.0,50.0,58,0
0,4,50,370,1,0,50,597,597,146.0,50.0,58,0
0,8,3,561,534,0,0,597,597,146.0,50.0,58,0
120,3,353,371,99,519,561,597,597,146.0,50.0,58,0
547,520,0,292,374,0,40,597,597,146.0,50.0,58,0
0,0,7,131,7,585,0,597,597,146.0,50.0,58,0
4,352,355,529,579,278,22,597,597,146.0,50.0,58,0
306,50,0,340,296,531,17,597,597,146.0,50.0,58,0
585,0,2,530,0,18,0,597,597,146.0,50.0,58,0
0,0,0,0,0,0,4,597,597,146.0,50.0,58,0
50,402,0,0,1,135,0,597,597,146.0,50.0,58,0
0,0,32,3,278,0,0,597,597,146.0,50.0,58,0
0,0,0,0,18,0,16,597,597,146.0,50.0,58,0
311,548,17,9,597,566,296,597,597,146.0,50.0,58,0
4,4,293,49,402,33,152,597,597,146.0,50.0,58,0
324,100,547,100,99,513,150,597,597,146.0,50.0,58,0
120,0,0,100,0,0,0,597,597,146.0,50.0,58,0
118,296,37,101,150,22,48,597,597,146.0,50.0,58,0
54,0,0,576,16,274,0,597,597,146.0,50.0,58,0
22,150,534,0,0,0,8,597,597,146.0,50.0,58,0
40,50,21,304,0,64,576,597,597,146.0,50.0,58,0
276,4,150,338,3,131,0,597,597,146.0,50.0,58,0
0,50,0,21,304,359,520,597,597,146.0,50.0,58,0
0,70,568,324,292,321,537,597,597,146.0,50.0,58,0
137,105,105,0,0,597,597,597,597,146.0,50.0,58,1
150,0,0,0,0,0,0,597,597,146.0,50.0,58,0
0,597,355,564,23,580,518,597,597,146.0,50.0,58,0
0,592,54,549,70,22,352,597,597,146.0,50.0,58,0
0,0,0,36,0,0,0,597,597,146.0,50.0,58,0
0,0,0,307,0,0,0,597,597,146.0,50.0,58,0
291,49,391,112,344,361,70,597,597,146.0,50.0,58,0
100,24,560,0,0,0,0,597,597,146.0,50.0,58,0
50,532,2,8,9,279,150,597,597,146.0,50.0,58,0
0,8,0,0,0,1,112,597,597,146.0,50.0,58,0
0,0,0,0,0,0,0,597,597,146.0,50.0,58,0
6,83,406,22,0,3,132,597,597,146.0,50.0,58,0
50,402,0,0,1,121,296,597,597,146.0,50.0,58,0
311,548,17,9,597,576,296,597,597,146.0,50.0,58,0
0,0,0,0,0,36,100,597,597,146.0,50.0,58,0
0,0,0,0,0,0,0,597,597,146.0,50.0,58,0
290,4,150,337,3,131,0,597,597,146.0,50.0,58,0
0,36,0,21,404,359,520,597,597,146.0,50.0,58,0
324,100,547,100,99,369,150,597,597,146.0,50.0,58,0
137,105,105,0,0,597,597,597,597,146.0,50.0,58,1
0,592,356,549,70,22,352,597,597,146.0,50.0,58,0
520,149,576,36,100,336,50,597,597,146.0,50.0,58,0
1,100,304,311,34,16,4,597,597,146.0,50.0,58,0
50,532,2,8,9,279,276,597,597,146.0,50.0,58,0
0,8,3,561,534,0,0,597,597,146.0,50.0,58,0
120,3,353,371,99,373,583,597,597,146.0,50.0,58,0
547,520,0,292,86,0,40,597,597,146.0,50.0,58,0
294,512,2,1,113,518,86,597,597,146.0,50.0,58,0
0,0,7,89,309,585,50,597,597,146.0,50.0,58,0
4,352,355,580,53,356,100,597,597,146.0,50.0,58,0
306,50,0,342,296,530,118,597,597,146.0,50.0,58,0
584,0,2,530,0,20,0,597,597,146.0,50.0,58,0
0,0,0,0,0,0,4,597,597,146.0,50.0,58,0
50,402,0,0,1,121,296,597,597,146.0,50.0,58,0
0,0,0,0,18,0,16,597,597,146.0,50.0,58,0
311,548,17,9,597,576,296,597,597,146.0,50.0,58,0
120,0,0,100,0,0,0,597,597,146.0,50.0,58,0
0,50,21,304,0,64,548,597,597,146.0,50.0,58,0
4,4,293,49,402,33,102,597,597,146.0,50.0,58,0
324,100,547,100,99,321,150,597,597,146.0,50.0,58,0
2,4,150,361,3,128,0,597,597,146.0,50.0,58,0
0,324,0,18,2,359,520,597,597,146.0,50.0,58,0
0,50,594,324,292,321,537,597,597,146.0,50.0,58,0
137,105,105,0,0,597,597,597,597,146.0,50.0,58,1
150,0,0,0,0,0,0,597,597,146.0,50.0,58,0
0,597,355,564,23,580,518,597,597,146.0,50.0,58,0
0,585,356,549,70,22,352,597,597,146.0,50.0,58,0
50,532,2,8,9,279,258,597,597,146.0,50.0,58,0
0,0,0,0,0,0,0,597,597,146.0,50.0,58,0
100,274,1,530,370,80,0,597,597,146.0,50.0,58,0
137,105,105,0,0,597,597,597,597,146.0,50.0,58,1
50,402,0,0,1,388,296,597,597,146.0,50.0,58,0
291,49,390,408,149,261,70,597,597,146.0,50.0,58,0
311,0,17,9,597,576,296,597,597,146.0,50.0,58,0
0,0,0,0,0,0,0,597,597,146.0,50.0,58,0
16,4,150,360,3,128,0,597,597,146.0,50.0,58,0
0,310,0,18,102,359,520,597,597,146.0,50.0,58,0
324,100,547,100,99,273,150,597,597,146.0,50.0,58,0
0,593,54,549,70,22,352,597,597,146.0,50.0,58,0
0,36,296,0,0,0,0,597,597,146.0,50.0,58,0
50,532,2,8,9,279,276,597,597,146.0,50.0,58,0
0,8,3,561,534,0,0,597,597,146.0,50.0,58,0
120,3,353,361,401,323,597,597,597,146.0,50.0,58,0
547,520,0,291,402,0,40,597,597,146.0,50.0,58,0
294,512,2,1,113,518,86,597,597,146.0,50.0,58,0
0,0,7,82,7,585,50,597,597,146.0,50.0,58,0
4,0,356,54,131,552,296,597,597,146.0,50.0,58,0
306,50,0,343,296,529,517,597,597,146.0,50.0,58,0
0,100,0,0,324,24,146,597,597,146.0,50.0,58,0
583,0,2,530,0,22,0,597,597,146.0,50.0,58,0
0,0,0,0,0,0,4,597,597,146.0,50.0,58,0
50,402,0,0,1,361,296,597,597,146.0,50.0,58,0
0,0,0,0,18,0,16,597,597,146.0,50.0,58,0
311,50,17,9,597,566,296,597,597,146.0,50.0,58,0
0,0,0,0,0,36,100,597,597,146.0,50.0,58,0
120,0,0,100,0,0,0,597,597,146.0,50.0,58,0
4,4,293,49,402,33,152,597,597,146.0,50.0,58,0
324,100,547,100,99,129,150,597,597,146.0,50.0,58,0
4,50,21,304,0,64,548,597,597,146.0,50.0,58,0
24,4,150,361,3,120,0,597,597,146.0,50.0,58,0
0,296,0,18,304,359,520,597,597,146.0,50.0,58,0
0,52,592,324,292,321,537,597,597,146.0,50.0,58,0
137,105,105,0,0,597,597,597,597,146.0,50.0,58,1
150,0,0,0,0,0,0,597,597,146.0,50.0,58,0
0,597,355,564,23,580,518,597,597,146.0,50.0,58,0
0,585,356,549,70,0,352,597,597,146.0,50.0,58,0
50,532,2,8,9,279,258,597,597,146.0,50.0,58,0
23,16,121,113,16,116,8,597,597,146.0,50.0,58,0
0,0,0,0,0,0,0,597,597,146.0,50.0,58,0
6,83,406,22,0,3,132,597,597,146.0,50.0,58,0
64,101,1,64,0,1,51,597,597,146.0,50.0,58,0
0,4,50,370,1,0,50,597,597,146.0,50.0,58,0
0,0,0,0,2,0,36,597,597,146.0,50.0,58,0
50,402,0,0,1,361,296,597,597,146.0,50.0,58,0
311,50,17,9,597,566,296,597,597,146.0,50.0,58,0
0,0,0,0,0,0,0,597,597,146.0,50.0,58,0
38,4,150,360,3,120,0,597,597,146.0,50.0,58,0
0,288,0,18,404,359,520,597,597,146.0,50.0,58,0
137,105,105,0,0,597,597,597,597,146.0,50.0,58,1
324,100,547,100,99,81,150,597,597,146.0,50.0,58,0
0,592,54,549,70,0,352,597,597,146.0,50.0,58,0
32,134,0,0,0,136,0,597,597,146.0,50.0,58,0
99,597,296,0,0,18,86,597,597,146.0,50.0,58,0
0,8,0,0,0,1,112,597,597,146.0,50.0,58,0
291,49,390,407,547,563,70,597,597,146.0,50.0,58,0
50,532,2,8,9,279,276,597,597,146.0,50.0,58,0
0,8,3,561,534,0,0,597,597,146.0,50.0,58,0
120,3,353,370,99,121,583,597,597,146.0,50.0,58,0
547,520,0,291,114,0,40,597,597,146.0,50.0,58,0
294,512,2,1,113,518,86,597,597,146.0,50.0,58,0
0,0,7,68,309,585,50,597,597,146.0,50.0,58,0
0,0,356,132,306,32,374,597,597,146.0,50.0,58,0
306,50,0,345,296,529,20,597,597,146.0,50.0,58,0
582,0,2,530,0,24,0,597,597,146.0,50.0,58,0
0,0,0,0,0,0,4,597,597,146.0,50.0,58,0
50,296,0,0,1,368,0,597,597,146.0,50.0,58,0
0,0,0,0,18,0,16,597,597,146.0,50.0,58,0
311,50,17,9,597,576,296,597,597,146.0,50.0,58,0
120,0,0,100,0,0,0,597,597,146.0,50.0,58,0
8,50,21,304,0,64,548,597,597,146.0,50.0,58,0
4,4,293,50,0,33,152,597,597,146.0,50.0,58,0
324,100,547,100,99,33,150,597,597,146.0,50.0,58,0
52,4,150,368,3,117,0,597,597,146.0,50.0,58,0
0,274,0,19,2,359,520,597,597,146.0,50.0,58,0
0,54,584,324,292,321,537,597,597,146.0,50.0,58,0
137,105,105,0,0,597,597,597,597,146.0,50.0,58,1
150,0,0,0,0,0,0,597,597,146.0,50.0,58,0
0,597,355,564,23,580,518,597,597,146.0,50.0,58,0
0,585,54,549,70,0,352,597,597,146.0,50.0,58,0
0,0,104,2,296,96,0,597,597,146.0,50.0,58,0
4,0,0,0,0,4,0,597,597,146.0,50.0,58,0
50,532,2,8,9,279,276,597,597,146.0,50.0,58,0
0,0,0,0,0,0,0,597,597,146.0,50.0,58,0
137,105,105,0,0,597,597,597,597,146.0,50.0,58,1
50,296,0,0,1,368,0,597,597,146.0,50.0,58,0
311,50,17,9,597,580,296,597,597,146.0,50.0,58,0
0,0,0,0,0,36,100,597,597,146.0,50.0,58,0
0,0,0,0,0,0,0,597,597,146.0,50.0,58,0
66,4,150,361,3,117,0,597,597,146.0,50.0,58,0
324,100,547,100,98,583,150,597,597,146.0,50.0,58,0
0,260,0,19,102,359,520,597,597,146.0,50.0,58,0
0,7,135,24,390,324,0,597,597,146.0,50.0,58,0
0,593,54,549,70,0,352,597,597,146.0,50.0,58,0
0,0,25,150,0,101,0,597,597,146.0,50.0,58,0
50,532,2,8,9,279,290,597,597,146.0,50.0,58,0
0,2,0,296,0,0,0,597,597,146.0,50.0,58,0
0,8,3,561,534,0,0,597,597,146.0,50.0,58,0
120,597,353,361,401,121,583,597,597,146.0,50.0,58,0
547,520,0,290,520,0,40,597,597,146.0,50.0,58,0
294,512,2,1,113,518,86,597,597,146.0,50.0,58,0
0,0,7,55,7,585,50,597,597,146.0,50.0,58,0
0,0,356,306,384,104,548,597,597,146.0,50.0,58,0
306,50,0,345,296,528,519,597,597,146.0,50.0,58,0
581,0,2,530,0,32,0,597,597,146.0,50.0,58,0
0,0,0,0,0,0,4,597,597,146.0,50.0,58,0
50,296,0,0,1,341,0,597,597,146.0,50.0,58,0
291,49,390,307,150,361,70,597,597,146.0,50.0,58,0
0,0,0,0,18,0,16,597,597,146.0,50.0,58,0
311,50,17,9,597,576,296,597,597,146.0,50.0,58,0
120,0,0,100,0,0,0,597,597,146.0,50.0,58,0
4,4,293,49,402,33,102,597,597,146.0,50.0,58,0
324,100,547,100,98,535,150,597,597,146.0,50.0,58,0
18,50,21,404,0,64,548,597,597,146.0,50.0,58,0
80,4,150,361,3,116,0,597,597,146.0,50.0,58,0
0,150,0,19,304,359,520,597,597,146.0,50.0,58,0
0,56,582,324,292,321,537,597,597,146.0,50.0,58,0
137,105,105,0,0,597,597,597,597,146.0,50.0,58,1
150,0,0,0,0,0,0,597,597,146.0,50.0,58,0
0,597,355,564,23,580,518,597,597,146.0,50.0,58,0
0,592,54,549,70,0,352,597,597,146.0,50.0,58,0
0,0,0,0,0,0,0,597,597,146.0,50.0,58,0
0,4,0,68,0,0,0,597,597,146.0,50.0,58,0
4,150,114,66,546,531,36,597,597,146.0,50.0,58,0
50,532,2,8,9,279,264,597,597,146.0,50.0,58,0
36,19,100,100,0,1,36,597,597,146.0,50.0,58,0
5,2,404,96,281,100,297,597,597,146.0,50.0,58,0
0,104,320,132,296,23,352,597,597,146.0,50.0,58,0
0,150,0,0,0,0,0,597,597,146.0,50.0,58,0
1,531,304,19,3,582,117,597,597,146.0,50.0,58,0
0,0,0,0,0,0,0,597,597,146.0,50.0,58,0
6,83,406,22,0,3,132,597,597,146.0,50.0,58,0
2,404,296,82,278,5,324,597,597,146.0,50.0,58,0
137,105,105,0,0,597,597,597,597,146.0,50.0,58,1
50,296,0,0,1,327,296,597,597,146.0,50.0,58,0
311,50,17,9,597,576,296,597,597,146.0,50.0,58,0
1,21,409,514,48,593,6,597,597,146.0,50.0,58,0
0,0,0,0,0,0,0,597,597,146.0,50.0,58,0
88,4,150,360,3,116,0,597,597,146.0,50.0,58,0
0,136,0,19,404,359,520,597,597,146.0,50.0,58,0
324,100,547,100,98,391,150,597,597,146.0,50.0,58,0
0,50,0,0,0,0,0,597,597,146.0,50.0,58,0
32,134,0,0,0,136,0,597,597,146.0,50.0,58,0
340,1,2,4,375,2,100,597,597,146.0,50.0,58,0
50,532,2,8,9,279,258,597,597,146.0,50.0,58,0
23,16,121,113,16,116,8,597,597,146.0,50.0,58,0
100,274,1,530,370,80,0,597,597,146.0,50.0,58,0
0,2,0,0,402,0,0,597,597,146.0,50.0,58,0
84,0,40,4,8,338,520,597,597,146.0,50.0,58,0
0,8,3,561,534,0,0,597,597,146.0,50.0,58,0
120,3,353,361,99,323,597,597,597,146.0,50.0,58,0
547,520,0,290,136,0,40,597,597,146.0,50.0,58,0
294,512,2,1,113,518,86,597,597,146.0,50.0,58,0
0,0,7,41,309,585,50,597,597,146.0,50.0,58,0
0,296,356,384,552,279,22,597,597,146.0,50.0,58,0
306,50,0,374,296,528,100,597,597,146.0,50.0,58,0
0,4,50,370,1,0,50,597,597,146.0,50.0,58,0
0,0,0,0,0,0,4,597,597,146.0,50.0,58,0
50,296,0,0,1,327,296,597,597,146.0,50.0,58,0
0,0,32,3,278,0,0,597,597,146.0,50.0,58,0
0,0,0,0,18,0,16,597,597,146.0,50.0,58,0
311,50,17,9,597,576,296,597,597,146.0,50.0,58,0
4,4,293,49,402,33,152,597,597,146.0,50.0,58,0
324,100,547,100,98,343,150,597,597,146.0,50.0,58,0
0,0,0,0,0,36,100,597,597,146.0,50.0,58,0
120,0,0,100,0,0,0,597,597,146.0,50.0,58,0
118,296,37,101,150,22,48,597,597,146.0,50.0,58,0
54,0,0,576,16,296,0,597,597,146.0,50.0,58,0
22,150,534,0,0,0,8,597,597,146.0,50.0,58,0
22,50,21,404,0,64,548,597,597,146.0,50.0,58,0
102,4,150,361,3,114,0,597,597,146.0,50.0,58,0
0,128,0,20,2,359,520,597,597,146.0,50.0,58,0
0,64,580,324,292,321,537,597,597,146.0,50.0,58,0
137,105,105,0,0,597,597,597,597,146.0,50.0,58,1
150,0,0,0,0,0,0,597,597,146.0,50.0,58,0
0,597,355,564,23,580,518,597,597,146.0,50.0,58,0
0,592,54,549,70,0,352,597,597,146.0,50.0,58,0
0,0,0,50,0,0,0,597,597,146.0,50.0,58,0
291,49,391,305,549,65,70,597,597,146.0,50.0,58,0
0,0,0,307,0,0,0,597,597,146.0,50.0,58,0
50,532,2,8,9,279,258,597,597,146.0,50.0,58,0
100,24,560,0,0,0,0,597,597,146.0,50.0,58,0
0,8,0,0,0,1,112,597,597,146.0,50.0,58,0
580,0,2,530,0,34,0,597,597,146.0,50.0,58,0
0,0,0,0,0,0,0,597,597,146.0,50.0,58,0
137,105,105,0,0,597,597,597,597,146.0,50.0,58,1
50,296,0,0,1,306,296,597,597,146.0,50.0,58,0
311,50,17,9,597,576,296,597,597,146.0,50.0,58,0
0,0,0,0,0,0,0,597,597,146.0,50.0,58,0
116,4,150,360,3,114,0,597,597,146.0,50.0,58,0
0,114,0,20,102,359,520,597,597,146.0,50.0,58,0
324,100,547,100,98,295,150,597,597,146.0,50.0,58,0
0,593,54,549,70,0,352,597,597,146.0,50.0,58,0
520,149,576,35,402,336,150,597,597,146.0,50.0,58,0
1,100,304,311,34,16,4,597,597,146.0,50.0,58,0
50,532,2,8,9,279,276,597,597,146.0,50.0,58,0
0,8,3,561,534,0,0,597,597,146.0,50.0,58,0
120,3,353,369,401,323,583,597,597,146.0,50.0,58,0
547,520,0,289,548,0,40,597,597,146.0,50.0,58,0
295,512,2,1,113,518,86,597,597,146.0,50.0,58,0
0,0,7,34,7,585,50,597,597,146.0,50.0,58,0
0,296,356,553,32,329,72,597,597,146.0,50.0,58,0
306,50,0,376,296,521,297,597,597,146.0,50.0,58,0
579,0,2,530,0,36,0,597,597,146.0,50.0,58,0
0,0,0,0,0,0,4,597,597,146.0,50.0,58,0
50,296,0,0,1,279,296,597,597,146.0,50.0,58,0
0,0,0,0,18,0,16,597,597,146.0,50.0,58,0
311,50,17,9,597,576,296,597,597,140.0,54.0,55,0
120,0,0,100,0,0,0,597,597,140.0,54.0,55,0
32,50,21,404,0,64,548,597,597,140.0,54.0,55,0
4,4,293,49,402,33,152,597,597,140.0,54.0,55,0
324,100,547,100,50,101,150,597,597,140.0,54.0,55,0
130,4,150,368,3,105,0,597,597,140.0,54.0,55,0
0,100,0,20,304,359,520,597,597,140.0,54.0,55,0
0,66,578,324,292,321,537,597,597,140.0,54.0,55,0
137,105,105,0,0,597,597,597,597,140.0,54.0,55,1
150,0,0,0,0,0,0,597,597,140.0,54.0,55,0
0,597,355,564,23,580,518,597,597,140.0,54.0,55,0
0,592,356,549,70,0,352,597,597,140.0,54.0,55,0
50,532,2,8,9,279,276,597,597,140.0,54.0,55,0
0,0,0,0,0,0,0,597,597,140.0,54.0,55,0
6,83,406,22,0,3,132,597,597,140.0,54.0,55,0
137,105,105,0,0,597,597,597,597,140.0,54.0,55,1
50,296,0,0,1,279,296,597,597,140.0,54.0,55,0
291,49,391,3,353,563,70,597,597,140.0,54.0,55,0
311,50,17,9,597,576,296,597,597,140.0,54.0,55,0
0,0,0,0,0,36,100,597,597,140.0,54.0,55,0
0,0,0,0,0,0,0,597,597,140.0,54.0,55,0
144,4,150,361,3,105,0,597,597,140.0,54.0,55,0
324,100,547,100,50,53,150,597,597,140.0,54.0,55,0
0,86,0,20,404,359,520,597,597,140.0,54.0,55,0
0,593,54,549,70,0,352,597,597,140.0,54.0,55,0
0,36,296,0,0,0,0,597,597,140.0,54.0,55,0
50,532,2,8,9,279,276,597,597,140.0,54.0,55,0
0,8,3,561,534,0,0,597,597,140.0,54.0,55,0
120,3,353,361,99,323,597,597,597,140.0,54.0,55,0
547,520,0,289,260,0,40,597,597,140.0,54.0,55,0
294,512,2,1,113,518,86,597,597,140.0,54.0,55,0
0,0,6,596,309,585,100,597,597,140.0,54.0,55,0
0,548,357,33,82,407,150,597,597,140.0,54.0,55,0
306,50,0,375,296,521,304,597,597,140.0,54.0,55,0
0,100,0,0,324,23,147,597,597,140.0,54.0,55,0
578,0,2,530,0,38,0,597,597,140.0,54.0,55,0
0,0,0,0,0,0,4,597,597,140.0,54.0,55,0
50,100,0,0,1,280,0,597,597,140.0,54.0,55,0
0,0,0,0,18,0,16,597,597,140.0,54.0,55,0
311,50,17,9,597,566,296,597,597,140.0,54.0,55,0
120,0,0,100,0,0,0,597,597,140.0,54.0,55,0
36,50,21,404,0,64,548,597,597,140.0,54.0,55,0
4,4,293,49,402,33,102,597,597,140.0,54.0,55,0
324,100,547,100,50,5,150,597,597,140.0,54.0,55,0
152,4,150,360,3,105,0,597,597,140.0,54.0,55,0
0,72,0,21,2,359,520,597,597,140.0,54.0,55,0
0,68,576,324,292,321,537,597,597,140.0,54.0,55,0
137,105,105,0,0,597,597,597,597,140.0,54.0,55,1
150,0,0,0,0,0,0,597,597,140.0,54.0,55,0
0,597,355,564,23,580,518,597,597,140.0,54.0,55,0
0,592,356,549,70,0,352,597,597,140.0,54.0,55,0
22,0,0,101,304,72,0,597,597,140.0,54.0,55,0
50,532,2,8,9,279,258,597,597,140.0,54.0,55,0
23,16,121,121,17,514,8,597,597,140.0,54.0,55,0
0,0,0,0,0,0,0,597,597,140.0,54.0,55,0
0,4,50,370,1,0,50,597,597,140.0,54.0,55,0
0,0,0,0,2,0,36,597,597,140.0,54.0,55,0
324,393,104,353,153,560,100,597,597,140.0,54.0,55,0
50,100,0,0,1,280,0,597,597,140.0,54.0,55,0
311,100,17,9,597,566,296,597,597,140.0,54.0,55,0
0,0,0,0,0,0,0,597,597,140.0,54.0,55,0
262,4,150,359,3,105,0,597,597,140.0,54.0,55,0
0,64,0,21,102,359,520,597,597,140.0,54.0,55,0
324,100,547,100,99,561,150,597,597,140.0,54.0,55,0
137,105,105,0,0,597,597,597,597,140.0,54.0,55,1
0,592,54,549,70,0,352,597,597,140.0,54.0,55,0
99,597,296,0,0,18,86,597,597,140.0,54.0,55,0
0,8,0,0,0,1,112,597,597,140.0,54.0,55,0
291,49,390,4,52,261,70,597,597,140.0,54.0,55,0
50,532,2,8,9,279,258,597,597,140.0,54.0,55,0
0,8,3,561,534,0,0,597,597,140.0,54.0,55,0
120,597,353,358,99,519,597,597,597,140.0,54.0,55,0
547,520,0,288,576,0,40,597,597,140.0,54.0,55,0
294,512,2,1,113,518,86,597,597,140.0,54.0,55,0
0,0,6,583,7,585,100,597,597,140.0,54.0,55,0
0,548,357,83,256,581,324,597,597,140.0,54.0,55,0
306,50,0,376,296,521,3,597,597,140.0,54.0,55,0
577,0,2,530,0,40,0,597,597,140.0,54.0,55,0
0,0,0,0,0,0,4,597,597,140.0,54.0,55,0
50,100,0,0,1,259,0,597,597,140.0,54.0,55,0
0,0,0,0,18,0,16,597,597,140.0,54.0,55,0
311,150,17,9,597,566,296,597,597,140.0,54.0,55,0
0,0,0,0,0,36,100,597,597,140.0,54.0,55,0
120,0,0,100,0,0,0,597,597,140.0,54.0,55,0
4,4,293,49,402,33,102,597,597,140.0,54.0,55,0
40,50,21,404,0,64,548,597,597,140.0,54.0,55,0
276,4,150,360,3,103,0,597,597,140.0,54.0,55,0
0,50,0,21,304,359,520,597,597,140.0,54.0,55,0
0,70,568,324,292,321,537,597,597,140.0,54.0,55,0
137,105,105,0,0,597,597,597,597,140.0,54.0,55,1
150,0,0,0,0,0,0,597,597,140.0,54.0,55,0
0,597,355,564,23,580,518,597,597,140.0,54.0,55,0
0,592,54,549,70,0,352,597,597,140.0,54.0,55,0
0,0,104,2,296,96,0,597,597,140.0,54.0,55,0
4,0,0,0,0,4,0,597,597,140.0,54.0,55,0
50,532,2,8,9,279,276,597,597,140.0,54.0,55,0
0,0,0,0,0,0,0,597,597,140.0,54.0,55,0
6,83,406,22,0,3,132,597,597,140.0,54.0,55,0
50,100,0,0,1,149,296,597,597,140.0,54.0,55,0
311,150,17,9,597,566,296,597,597,140.0,54.0,55,0
0,0,0,0,0,0,0,597,597,140.0,54.0,55,0
290,4,150,359,3,103,0,597,597,140.0,54.0,55,0
0,36,0,21,404,359,520,597,597,140.0,54.0,55,0
137,105,105,0,0,597,597,597,597,140.0,54.0,55,1
324,100,547,100,99,369,150,597,597,140.0,54.0,55,0
0,7,134,376,390,296,0,597,597,140.0,54.0,55,0
0,585,356,549,70,0,352,597,597,140.0,54.0,55,0
0,0,25,50,0,101,0,597,597,140.0,54.0,55,0
50,532,2,8,9,279,276,597,597,140.0,54.0,55,0
0,2,0,296,0,0,0,597,597,140.0,54.0,55,0
0,8,3,561,534,0,0,597,597,140.0,54.0,55,0
120,3,353,360,401,519,569,597,597,140.0,54.0,55,0
547,520,0,288,288,0,40,597,597,140.0,54.0,55,0
295,512,2,1,113,518,86,597,597,140.0,54.0,55,0
0,0,6,569,309,585,100,597,597,140.0,54.0,55,0
0,50,357,257,329,55,402,597,597,140.0,54.0,55,0
306,50,0,376,296,520,406,597,597,140.0,54.0,55,0
576,0,2,530,0,48,0,597,597,140.0,54.0,55,0
0,0,0,0,0,0,4,597,597,140.0,54.0,55,0
50,100,0,0,1,149,296,597,597,140.0,54.0,55,0
291,49,391,102,53,65,70,597,597,140.0,54.0,55,0
0,0,0,0,18,0,16,597,597,140.0,54.0,55,0
311,150,17,9,597,566,296,597,597,140.0,54.0,55,0
120,0,0,100,0,0,0,597,597,140.0,54.0,55,0
4,4,293,49,402,33,102,597,597,140.0,54.0,55,0
324,100,547,100,99,321,150,597,597,140.0,54.0,55,0
0,50,21,404,0,64,548,597,597,140.0,54.0,55,0
2,4,150,387,3,102,0,597,597,140.0,54.0,55,0
0,324,0,18,2,359,520,597,597,140.0,54.0,55,0
0,50,594,324,292,321,537,597,597,140.0,54.0,55,0
137,105,105,0,0,597,597,597,597,140.0,54.0,55,1
150,0,0,0,0,0,0,597,597,140.0,54.0,55,0
0,597,355,564,23,580,518,597,597,140.0,54.0,55,0
0,592,54,549,70,0,352,597,597,140.0,54.0,55,0
0,0,0,0,0,0,0,597,597,140.0,54.0,55,0
0,4,0,68,0,0,0,597,597,140.0,54.0,55,0
4,150,114,66,546,531,36,597,597,140.0,54.0,55,0
50,532,2,8,9,279,264,597,597,140.0,54.0,55,0
36,19,100,100,0,1,36,597,597,140.0,54.0,55,0
5,2,404,96,281,100,297,597,597,140.0,54.0,55,0
0,104,320,132,296,23,352,597,597,140.0,54.0,55,0
0,150,0,0,0,0,0,597,597,140.0,54.0,55,0
1,531,304,19,2,582,117,597,597,140.0,54.0,55,0
0,0,0,0,0,0,0,597,597,140.0,54.0,55,0
2,296,296,72,54,5,296,597,597,140.0,54.0,55,0
137,105,105,0,0,597,597,597,597,140.0,54.0,55,1
50,100,0,0,1,512,296,597,597,140.0,54.0,55,0
311,150,17,9,597,562,296,597,597,140.0,54.0,55,0
0,0,0,0,0,36,100,597,597,140.0,54.0,55,0
0,0,0,0,0,0,0,597,597,140.0,54.0,55,0
16,4,150,386,3,102,0,597,597,140.0,54.0,55,0
324,100,547,100,99,273,150,597,597,140.0,54.0,55,0
0,310,0,18,102,359,520,597,597,140.0,54.0,55,0
0,585,356,549,70,0,352,597,597,140.0,54.0,55,0
0,64,0,0,0,0,0,597,597,140.0,54.0,55,0
32,134,0,0,0,136,0,597,597,140.0,54.0,55,0
296,0,0,0,0,0,0,597,597,140.0,54.0,55,0
36,2,0,0,0,0,0,597,597,140.0,54.0,55,0
340,1,2,4,375,2,100,597,597,140.0,54.0,55,0
50,532,2,8,9,279,258,597,597,140.0,54.0,55,0
1,323,409,514,344,545,38,597,597,140.0,54.0,55,0
23,16,121,115,16,514,8,597,597,140.0,54.0,55,0
0,4,50,370,1,0,50,597,597,140.0,54.0,55,0
0,8,3,561,534,0,0,597,597,140.0,54.0,55,0
120,3,353,361,99,373,583,597,597,140.0,54.0,55,0
547,520,0,295,296,0,40,597,597,140.0,54.0,55,0
295,512,2,1,113,518,86,597,597,140.0,54.0,55,0
0,0,7,150,7,585,100,597,597,140.0,54.0,55,0
0,0,357,329,407,133,576,597,597,140.0,54.0,55,0
306,50,0,376,296,520,307,597,597,140.0,54.0,55,0
0,0,0,0,0,0,4,597,597,140.0,54.0,55,0
50,100,0,0,1,389,296,597,597,140.0,54.0,55,0
0,0,32,3,278,0,0,597,597,140.0,54.0,55,0
0,0,0,0,18,0,16,597,597,140.0,54.0,55,0
311,150,17,9,597,562,296,597,597,140.0,54.0,55,0
4,4,293,49,402,33,102,597,597,140.0,54.0,55,0
324,100,547,100,99,129,150,597,597,140.0,54.0,55,0
120,0,0,100,0,0,0,597,597,140.0,54.0,55,0
118,296,37,101,150,22,48,597,597,140.0,54.0,55,0
54,0,0,576,16,324,0,597,597,140.0,54.0,55,0
22,150,534,0,0,0,8,597,597,140.0,54.0,55,0
4,50,21,404,0,64,548,597,597,140.0,54.0,55,0
24,4,150,386,3,101,0,597,597,140.0,54.0,55,0
0,296,0,18,304,359,520,597,597,140.0,54.0,55,0
0,52,592,324,292,321,537,597,597,140.0,54.0,55,0
137,105,105,0,0,597,597,597,597,140.0,54.0,55,1
150,0,0,0,0,0,0,597,597,140.0,54.0,55,0
0,597,355,564,23,580,518,597,597,140.0,54.0,55,0
0,592,356,549,70,0,352,597,597,140.0,54.0,55,0
0,0,0,36,0,0,0,597,597,140.0,54.0,55,0
0,0,0,307,0,0,0,597,597,140.0,54.0,55,0
100,24,560,0,0,0,0,597,597,140.0,54.0,55,0
291,49,391,101,355,361,70,597,597,140.0,54.0,55,0
50,532,2,8,9,279,276,597,597,140.0,54.0,55,0
0,8,0,0,0,1,112,597,597,140.0,54.0,55,0
597,0,2,530,0,0,0,597,597,140.0,54.0,55,0
0,0,0,0,0,0,0,597,597,140.0,54.0,55,0
6,83,406,22,0,3,132,597,597,140.0,54.0,55,0
50,100,0,0,1,389,296,597,597,140.0,54.0,55,0
311,150,17,9,597,562,296,597,597,140.0,54.0,55,0
0,0,0,0,0,0,0,597,597,140.0,54.0,55,0
38,4,150,385,3,101,0,597,597,140.0,54.0,55,0
0,288,0,18,404,359,520,597,597,140.0,54.0,55,0
137,105,105,0,0,597,597,597,597,140.0,54.0,55,1
324,100,547,100,99,81,150,597,597,140.0,54.0,55,0
0,585,356,549,70,0,352,597,597,140.0,54.0,55,0
520,149,576,35,296,336,150,597,597,140.0,54.0,55,0
1,100,304,311,34,16,4,597,597,140.0,54.0,55,0
50,532,2,8,9,279,276,597,597,140.0,54.0,55,0
0,8,3,561,534,0,0,597,597,140.0,54.0,55,0
120,597,353,358,99,323,597,597,597,140.0,54.0,55,0
547,520,0,295,8,0,40,597,597,140.0,54.0,55,0
294,512,2,1,113,518,86,597,597,140.0,54.0,55,0
0,0,7,128,309,585,128,597,597,140.0,54.0,55,0
1,352,357,407,581,308,50,597,597,140.0,54.0,55,0
306,50,0,376,296,520,112,597,597,140.0,54.0,55,0
596,0,2,530,0,2,0,597,597,140.0,54.0,55,0
0,0,0,0,0,0,4,597,597,140.0,54.0,55,0
50,100,0,0,1,376,0,597,597,140.0,54.0,55,0
0,0,0,0,18,0,16,597,597,140.0,54.0,55,0
311,150,17,9,597,562,296,597,597,140.0,54.0,55,0
0,0,0,0,0,36,100,597,597,140.0,54.0,55,0
120,0,0,100,0,0,0,597,597,140.0,54.0,55,0
4,4,293,49,402,33,152,597,597,140.0,54.0,55,0
324,100,547,100,99,33,150,597,597,140.0,54.0,55,0
8,50,21,404,0,64,548,597,597,140.0,54.0,55,0
52,4,150,385,3,100,0,597,597,140.0,54.0,55,0
0,274,0,19,2,359,520,597,597,140.0,54.0,55,0
0,54,584,324,292,321,537,597,597,140.0,54.0,55,0
137,105,105,0,0,597,597,597,597,140.0,54.0,55,1
150,0,0,0,0,0,0,597,597,140.0,54.0,55,0
0,597,355,564,23,580,518,597,597,140.0,54.0,55,0
0,592,356,549,70,0,352,597,597,140.0,54.0,55,0
50,532,2,8,9,279,258,597,597,140.0,54.0,55,0
0,0,0,0,0,0,0,597,597,140.0,54.0,55,0
137,105,105,0,0,597,597,597,597,140.0,54.0,55,1
50,100,0,0,1,376,0,597,597,140.0,54.0,55,0
291,49,390,297,356,261,70,597,597,140.0,54.0,55,0
311,296,17,9,597,562,296,597,597,140.0,54.0,55,0
0,0,0,0,0,0,0,597,597,140.0,54.0,55,0
66,4,150,384,3,100,0,597,597,140.0,54.0,55,0
0,260,0,19,102,359,520,597,597,140.0,54.0,55,0
324,100,547,100,98,583,150,597,597,140.0,54.0,55,0
0,585,54,549,70,0,352,597,597,140.0,54.0,55,0
0,36,296,0,0,0,0,597,597,140.0,54.0,55,0
50,532,2,8,9,279,258,597,597,140.0,54.0,55,0
0,8,3,561,534,0,0,597,597,140.0,54.0,55,0
120,597,353,357,401,373,583,597,597,140.0,54.0,55,0
547,520,0,294,324,0,40,597,597,140.0,54.0,55,0
294,512,2,1,113,518,86,597,597,140.0,54.0,55,0
0,0,7,115,7,585,128,597,597,140.0,54.0,55,0
1,50,357,582,55,386,128,597,597,140.0,54.0,55,0
306,50,0,376,296,520,7,597,597,140.0,54.0,55,0
0,100,0,0,324,22,148,597,597,140.0,54.0,55,0
595,0,2,530,0,4,0,597,597,140.0,54.0,55,0
0,0,0,0,0,0,4,597,597,140.0,54.0,55,0
50,100,0,0,1,355,0,597,597,140.0,54.0,55,0
0,0,0,0,18,0,16,597,597,140.0,54.0,55,0
311,296,17,9,597,566,296,597,597,140.0,54.0,55,0
120,0,0,100,0,0,0,597,597,140.0,54.0,55,0
18,50,21,404,0,64,548,597,597,140.0,54.0,55,0
4,4,293,49,402,33,102,597,597,140.0,54.0,55,0
324,100,547,100,98,535,150,597,597,140.0,54.0,55,0
80,4,150,384,3,99,0,597,597,140.0,54.0,55,0
0,150,0,19,304,359,520,597,597,140.0,54.0,55,0
0,56,582,324,292,321,537,597,597,140.0,54.0,55,0
137,105,105,0,0,597,597,597,597,140.0,54.0,55,1
150,0,0,0,0,0,0,597,597,140.0,54.0,55,0
0,597,355,564,23,580,518,597,597,140.0,54.0,55,0
0,592,356,549,70,0,352,597,597,140.0,54.0,55,0
50,532,2,8,9,279,276,597,597,140.0,54.0,55,0
23,16,121,115,16,514,8,597,597,140.0,54.0,55,0
0,0,0,0,0,0,0,597,597,140.0,54.0,55,0
6,83,306,22,0,3,132,597,597,140.0,54.0,55,0
8,309,119,514,324,0,1,597,597,140.0,54.0,55,0
0,4,50,370,1,0,50,597,597,140.0,54.0,55,0
0,0,0,0,2,0,36,597,597,140.0,54.0,55,0
8,0,256,0,0,0,0,597,597,140.0,54.0,55,0
50,100,0,0,1,341,296,597,597,140.0,54.0,55,0
311,296,17,9,597,566,296,597,597,140.0,54.0,55,0
0,0,0,0,0,36,100,597,597,140.0,54.0,55,0
0,0,0,0,0,0,0,597,597,140.0,54.0,55,0
88,4,150,377,3,99,0,597,597,140.0,54.0,55,0
324,100,547,100,98,391,150,597,597,140.0,54.0,55,0
0,136,0,19,404,359,520,597,597,140.0,54.0,55,0
137,105,105,0,0,597,597,597,597,140.0,54.0,55,1
0,585,356,549,70,0,352,597,597,140.0,54.0,55,0
99,597,296,0,0,18,86,597,597,140.0,54.0,55,0
0,8,0,0,0,1,112,597,597,140.0,54.0,55,0
291,49,391,296,54,563,70,597,597,140.0,54.0,55,0
50,532,2,8,9,279,258,597,597,140.0,54.0,55,0
0,8,3,561,534,0,0,597,597,140.0,54.0,55,0
120,3,353,356,401,519,597,597,597,140.0,54.0,55,0
547,520,0,294,36,0,40,597,597,140.0,54.0,55,0
294,512,2,1,113,518,86,597,597,140.0,54.0,55,0
0,0,7,101,309,585,128,597,597,140.0,54.0,55,0
1,296,358,56,133,560,296,597,597,140.0,54.0,55,0
306,50,0,377,296,519,310,597,597,140.0,54.0,55,0
594,0,2,530,0,6,0,597,597,140.0,54.0,55,0
0,0,0,0,0,0,4,597,597,140.0,54.0,55,0
50,100,0,0,1,341,296,597,597,140.0,54.0,55,0
0,0,0,0,18,0,16,597,597,140.0,54.0,55,0
311,296,17,9,597,566,296,597,597,140.0,54.0,55,0
120,0,0,100,0,0,0,597,597,140.0,54.0,55,0
22,50,21,404,0,64,548,597,597,140.0,54.0,55,0
4,4,293,49,402,33,102,597,597,140.0,54.0,55,0
324,100,547,100,98,343,150,597,597,140.0,54.0,55,0
102,4,150,384,3,97,0,597,597,140.0,54.0,55,0
0,128,0,20,2,359,520,597,597,140.0,54.0,55,0
0,64,580,324,292,321,537,597,597,140.0,54.0,55,0
137,105,105,0,0,597,597,597,597,140.0,54.0,55,1
150,0,0,0,0,0,0,597,597,140.0,54.0,55,0
0,597,355,564,23,580,518,597,597,140.0,54.0,55,0
0,593,54,549,70,0,352,597,597,140.0,54.0,55,0
0,0,104,2,296,96,0,597,597,140.0,54.0,55,0
4,0,0,0,0,4,0,597,597,140.0,54.0,55,0
50,532,2,8,9,279,264,597,597,140.0,54.0,55,0
0,0,0,0,0,0,0,597,597,140.0,54.0,55,0
50,100,0,0,1,320,296,597,597,140.0,54.0,55,0
311,296,17,9,597,566,296,597,597,140.0,54.0,55,0
0,0,0,0,0,0,0,597,597,140.0,54.0,55,0
116,4,150,377,3,97,0,597,597,140.0,54.0,55,0
0,114,0,20,102,359,520,597,597,140.0,54.0,55,0
324,100,547,100,98,295,150,597,597,140.0,54.0,55,0
137,105,105,0,0,597,597,597,597,140.0,54.0,55,1
0,7,134,376,390,288,0,597,597,140.0,54.0,55,0
0,585,356,549,70,0,352,597,597,140.0,54.0,55,0
0,0,25,50,0,101,0,597,597,140.0,54.0,55,0
50,532,2,8,9,279,276,597,597,140.0,54.0,55,0
0,2,0,296,0,0,0,597,597,140.0,54.0,55,0
0,8,3,561,534,0,0,597,597,140.0,54.0,55,0
120,3,353,356,99,373,597,597,597,140.0,54.0,55,0
547,520,0,293,352,0,40,597,597,140.0,54.0,55,0
294,512,2,1,113,518,86,597,597,140.0,54.0,55,0
0,0,7,88,7,585,128,597,597,140.0,54.0,55,0
1,150,358,134,308,6,352,597,597,140.0,54.0,55,0
306,50,0,377,296,519,115,597,597,140.0,54.0,55,0
593,0,2,530,0,8,0,597,597,140.0,54.0,55,0
0,0,0,0,0,0,4,597,597,140.0,54.0,55,0
291,49,391,597,55,361,70,597,597,140.0,54.0,55,0
50,100,0,0,1,293,296,597,597,140.0,54.0,55,0
0,0,0,0,18,0,16,597,597,140.0,54.0,55,0
311,296,17,9,597,576,296,597,597,140.0,54.0,55,0
0,0,0,0,0,36,100,597,597,140.0,54.0,55,0
4,4,293,49,402,33,152,597,597,140.0,54.0,55,0
120,0,0,100,0,0,0,597,597,140.0,54.0,55,0
32,50,21,404,0,64,548,597,597,140.0,54.0,55,0
130,4,150,377,3,96,0,597,597,140.0,54.0,55,0
0,100,0,20,304,359,520,597,597,140.0,54.0,55,0
0,66,578,324,292,321,537,597,597,140.0,54.0,55,0
137,105,105,0,0,597,597,597,597,140.0,54.0,55,1
150,0,0,0,0,0,0,597,597,140.0,54.0,55,0
0,597,355,564,23,580,518,597,597,140.0,54.0,55,0
0,593,54,549,70,0,352,597,597,140.0,54.0,55,0
0,0,0,0,0,0,0,597,597,140.0,54.0,55,0
0,4,0,69,0,0,0,597,597,140.0,54.0,55,0
4,150,114,66,546,531,36,597,597,140.0,54.0,55,0
50,532,2,8,9,279,290,597,597,140.0,54.0,55,0
36,19,100,100,0,1,36,597,597,140.0,54.0,55,0
5,2,404,96,281,100,297,597,597,140.0,54.0,55,0
0,104,320,132,296,23,352,597,597,140.0,54.0,55,0
0,150,0,0,0,0,0,597,597,140.0,54.0,55,0
1,531,304,19,2,582,117,597,597,140.0,54.0,55,0
0,0,0,0,0,0,0,597,597,140.0,54.0,55,0
6,83,306,22,0,3,132,597,597,140.0,54.0,55,0
2,304,296,72,54,5,296,597,597,140.0,54.0,55,0
137,105,105,0,0,597,597,597,597,140.0,54.0,55,1
50,100,0,0,1,293,296,597,597,140.0,54.0,55,0
311,296,17,9,597,566,296,597,597,140.0,54.0,55,0
0,0,0,0,0,0,0,597,597,140.0,54.0,55,0
144,4,150,376,3,96,0,597,597,140.0,54.0,55,0
0,86,0,20,404,359,520,597,597,140.0,54.0,55,0
0,592,54,549,70,0,352,597,597,140.0,54.0,55,0
324,100,547,100,50,53,150,597,597,140.0,54.0,55,0
0,72,0,0,0,0,0,597,597,140.0,54.0,55,0
32,134,0,0,0,136,0,597,597,140.0,54.0,55,0
22,0,0,101,304,72,0,597,597,140.0,54.0,55,0
50,532,2,8,9,279,264,597,597,140.0,54.0,55,0
340,1,2,4,375,2,100,597,597,140.0,54.0,55,0
23,16,121,115,16,514,8,597,597,140.0,54.0,55,0
0,4,50,370,1,0,50,597,597,140.0,54.0,55,0
0,8,3,561,512,0,0,597,597,140.0,54.0,55,0
120,3,353,356,401,373,583,597,597,140.0,54.0,55,0
547,520,0,293,64,0,40,597,597,140.0,54.0,55,0
294,512,2,1,113,518,86,597,597,140.0,54.0,55,0
0,0,7,66,309,585,150,597,597,140.0,54.0,55,0
1,402,358,308,358,84,520,597,597,140.0,54.0,55,0
306,50,0,384,296,518,514,597,597,140.0,54.0,55,0
592,0,2,530,0,16,0,597,597,140.0,54.0,55,0
0,0,0,0,0,0,4,597,597,140.0,54.0,55,0
1,323,409,512,344,521,70,597,597,140.0,54.0,55,0
0,0,32,3,278,0,0,597,597,140.0,54.0,55,0
0,0,0,0,18,0,16,597,597,140.0,54.0,55,0
4,4,293,49,402,33,152,597,597,140.0,54.0,55,0
311,296,17,9,597,576,296,597,597,140.0,54.0,55,0
120,0,0,100,0,0,0,597,597,140.0,54.0,55,0
118,296,37,101,150,22,48,597,597,140.0,54.0,55,0
54,0,0,576,16,352,0,597,597,140.0,54.0,55,0
22,150,534,0,0,0,8,597,597,140.0,54.0,55,0
36,50,21,404,0,64,548,597,597,140.0,54.0,55,0
